Verkaufsstellennr.;Name 1;Name 2;Name 3;Strasse;PLZ;Ort;Adresszusatz;Typ;Öffnungszeiten Montag 1;Öffnungszeiten Montag 2;Öffnungszeiten Montag 3;Öffnungszeiten Dienstag 1;Öffnungszeiten Dienstag 2;Öffnungszeiten Dienstag 3;Öffnungszeiten Mittwoch 1;Öffnungszeiten Mittwoch 2;Öffnungszeiten Mittwoch 3;Öffnungszeiten Donnerstag 1;Öffnungszeiten Donnerstag 2;Öffnungszeiten Donnerstag 3;Öffnungszeiten Freitag 1;Öffnungszeiten Freitag 2;Öffnungszeiten Freitag 3;Öffnungszeiten Samstag 1;Öffnungszeiten Samstag 2;Öffnungszeiten Samstag 3;Öffnungszeiten Sonntag 1;Öffnungszeiten Sonntag 2;Öffnungszeiten Sonntag 3;Koord_Lat;Koord_Lon
510263;Reisezentrum Achim;;;Bahnhofsvorplatz 1;28832;Achim;;Reisezentrum;09:00-12:30;13:30-17:00;;09:00-12:30;13:30-17:00;;09:00-12:30;13:30-17:00;;09:00-12:30;13:30-17:00;;09:00-12:30;13:30-17:00;;;;;;;;53015766;9030536
500231;Reisezentrum Ahrensburg;;;Bahnhof 11;22926;Ahrensburg;;Reisezentrum;08:15-12:15;13:00-17:30;;08:15-12:15;13:00-17:30;;08:15-12:15;13:00-17:30;;08:15-12:15;13:00-17:30;;08:15-12:15;13:00-17:30;;08:15-13:45;;;;;;53669223;10234857
500256;Reisezentrum Bad Oldesloe;;;Käthe-Kollwitz-Str. 8;23843;Bad Oldesloe;;Reisezentrum;08:00-18:00;;;08:00-12:30;13:15-18:00;;08:00-18:00;;;08:00-12:30;13:15-18:00;;08:00-18:00;;;08:30-14:00;;;;;;53805400;10382500
500744;Reisezentrum Bad Pyrmont;;;Lügder Str. 17;31812;Bad Pyrmont;;Reisezentrum;08:30-12:00;12:30-16:00;;08:30-12:00;12:30-16:00;;08:30-12:00;12:30-16:00;;08:30-12:00;12:30-16:00;;08:30-12:00;12:30-16:00;;;;;;;;51975116;9272714
500140;Reisezentrum Braunschweig;;;Willy-Brandt-Platz 1;38102;Braunschweig;;Reisezentrum;06:00-20:00;;;06:00-20:00;;;06:00-20:00;;;06:00-20:00;;;06:00-20:00;;;08:00-18:00;;;08:00-18:00;;;52252047;10538126
500215;Reisezentrum Bremen Hbf;;;Bahnhofsplatz 15;28195;Bremen;;Reisezentrum;06:30-21:00;;;06:30-21:00;;;06:30-21:00;;;06:30-21:00;;;06:30-21:00;;;07:30-21:00;;;07:30-21:00;;;53082857;8810489
500199;Reisezentrum Bremen-Vegesack;;;Vegesacker Bahnhofsplatz;28757;Bremen;;Reisezentrum;08:30-12:30;13:30-18:00;;08:30-12:30;13:30-18:00;;08:30-12:30;13:30-18:00;;08:30-12:30;13:30-18:00;;08:30-12:30;13:30-18:00;;09:00-13:30;;;;;;53170264;8629675
500181;Reisezentrum Bremerhaven Hbf;;;Friedrich-Ebert-Str. 73;27570;Bremerhaven;;Reisezentrum;07:45-19:00;;;07:45-19:00;;;07:45-19:00;;;07:45-19:00;;;07:45-19:00;;;07:45-16:00;;;09:45-15:15;;;53534907;8598514
507079;Reisezentrum Büchen;;;Quellental 17;21514;Büchen;;Reisezentrum;08:00-12:15;12:45-16:50;;08:00-12:15;12:45-15:50;;08:00-12:15;12:45-15:50;;08:00-12:15;12:45-16:50;;08:00-12:15;12:45-15:50;;;;;;;;53473396;10624575
500751;Reisezentrum Bückeburg;;;Am Bahnhof 7;31675;Bückeburg;;Reisezentrum;08:30-13:00;14:00-18:30;;08:30-13:00;14:00-18:30;;08:30-13:00;14:00-18:30;;08:30-13:00;14:00-18:30;;08:30-13:00;14:00-18:30;;08:30-13:00;;;;;;52267293;9047939
500603;Reisezentrum Buxtehude;;;Am Bundesbahnhof 1;21614;Buxtehude;;Reisezentrum;08:00-12:00;13:00-18:00;;08:00-12:00;13:00-18:00;;08:00-12:00;13:00-18:00;;08:00-12:00;13:00-18:00;;08:00-12:00;13:00-18:00;;08:30-13:30;;;;;;53470975;9686119
500066;Reisezentrum Celle;;;Bahnhofplatz 6;29221;Celle;;Reisezentrum;07:00-18:00;;;07:00-18:00;;;07:00-18:00;;;07:00-18:00;;;07:00-18:00;;;08:00-13:30;;;10:30-16:00;;;52621288;10063639
500447;Reisezentrum Cuxhaven;;;Am Bahnhof 1;27472;Cuxhaven;;Reisezentrum;08:00-12:00;13:00-18:00;;08:00-12:00;13:00-18:00;;08:00-12:00;13:00-18:00;;08:00-12:00;13:00-18:00;;08:00-12:00;13:00-18:00;;08:30-13:30;;;;;;53861296;8704632
500454;Reisezentrum Delmenhorst;;;Wittekindstraße 10;27749;Delmenhorst;;Reisezentrum;07:45-12:45;13:45-18:00;;07:45-12:45;13:45-18:00;;07:45-12:45;13:45-18:00;;07:45-12:45;13:45-18:00;;07:45-12:45;13:45-18:00;;08:30-13:00;;;;;;53053193;8630965
500462;Reisezentrum Diepholz;;;Am Bahnhof 1;49356;Diepholz;;Reisezentrum;09:00-12:30;13:30-17:00;;09:00-12:30;13:30-17:00;;09:00-12:30;13:30-17:00;;09:00-12:30;13:30-17:00;;09:00-12:30;13:30-17:00;;;;;;;;52604991;8379816
500090;Reisezentrum Eckernförde;;;Reeperbahn 54-58;24340;Eckernförde;;Reisezentrum;08:30-13:00;13:45-18:00;;08:30-13:00;13:45-18:00;;08:30-13:00;13:45-18:00;;08:30-13:00;13:45-18:00;;08:30-13:00;13:45-18:00;;08:30-12:00;12:30-15:15;;;;;54467627;9836050
500264;Reisezentrum Elmshorn;;;Holstenplatz;25335;Elmshorn;;Reisezentrum;06:15-18:45;;;06:15-18:45;;;06:15-18:45;;;06:15-18:45;;;06:15-18:45;;;08:00-13:00;;;;;;53755439;9658190
500421;Reisezentrum Emden Hbf;;;Bahnhofplatz 11;26721;Emden;;Reisezentrum;08:00-12:30;13:30-18:00;;08:00-12:30;13:30-18:00;;08:00-12:30;13:30-18:00;;08:00-12:30;13:30-18:00;;08:00-12:30;13:30-18:00;;08:00-13:00;;;;;;53368787;7195720
500272;Reisezentrum Eutin;;;Bahnhofstr. 23-25;23701;Eutin;;Reisezentrum;07:00-12:30;13:30-17:30;;07:00-12:30;13:30-17:30;;07:00-12:30;13:30-17:30;;07:00-12:30;13:30-17:30;;07:00-12:30;13:30-17:30;;07:00-12:30;;;;;;54137049;10609015
500157;Reisezentrum Flensburg;;;Am Bundesbahnhof 1;24937;Flensburg;;Reisezentrum;06:00-19:00;;;06:00-19:00;;;06:00-19:00;;;06:00-19:00;;;06:00-19:00;;;07:30-12:15;12:45-15:30;;07:30-12:15;12:45-15:30;;54774402;9437927
500710;Reisezentrum Goslar;;;Hildesheimer Str. 53;38640;Goslar;;Reisezentrum;07:45-12:30;13:30-17:45;;07:45-12:30;13:30-17:45;;07:45-12:30;13:30-17:45;;07:45-12:30;13:30-17:45;;07:45-12:30;13:30-17:45;;09:00-14:00;;;;;;51911994;10422551
500017;Reisezentrum Göttingen;;;Bahnhofplatz 1;37073;Göttingen;;Reisezentrum;07:00-19:00;;;07:00-19:00;;;07:00-19:00;;;07:00-19:00;;;07:00-19:00;;;09:00-17:00;;;10:00-17:00;;;51536650;9927255
500116;Reisezentrum Hamburg Dammtor;;;Theodor-Heuss-Platz;20354;Hamburg;;Reisezentrum;06:00-21:00;;;06:00-21:00;;;06:00-21:00;;;06:00-21:00;;;06:00-21:00;;;07:00-20:00;;;08:00-20:00;;;53560800;9989680
500173;Reisezentrum Hamburg Hbf;;;Hachmannplatz 10;20099;Hamburg;;Reisezentrum;06:00-21:00;;;06:00-21:00;;;06:00-21:00;;;06:00-21:00;;;06:00-21:00;;;08:00-20:15;;;08:00-20:15;;;53553722;10008010
500132;Reisezentrum Hamburg-Altona;;;Paul-Nevermann-Platz 15;22765;Hamburg;;Reisezentrum;06:00-21:00;;;06:00-21:00;;;06:00-21:00;;;06:00-21:00;;;06:00-21:00;;;07:00-20:00;;;08:00-20:00;;;53552295;9934459
500108;Reisezentrum Hamburg-Bergedorf;;;Weidenbaumsweg 14;21029;Hamburg;;Reisezentrum;07:30-18:30;;;07:30-18:30;;;07:30-18:30;;;07:30-18:30;;;07:30-18:30;;;;;;;;;53489151;10206024
500124;Reisezentrum Hamburg-Harburg;;;Hannoversche Str. 85;21079;Hamburg;;Reisezentrum;07:40-18:30;;;07:40-18:30;;;07:40-18:30;;;07:40-18:30;;;07:40-18:30;;;08:00-13:30;;;09:00-14:30;;;53456008;9990332
500819;Reisezentrum Hameln;;;Bahnhofplatz 21;31785;Hameln;;Reisezentrum;07:00-18:00;;;07:00-18:00;;;07:00-18:00;;;07:00-18:00;;;07:00-18:00;;;08:30-14:00;;;10:00-15:30;;;52101100;9373978
500314;Reisezentrum Hannover Hbf;;;Ernst-August-Platz 1;30159;Hannover;;Reisezentrum;07:00-20:00;;;07:00-20:00;;;07:00-20:00;;;07:00-20:00;;;07:00-20:00;;;07:00-20:00;;;08:00-20:00;;;52376082;9740381
500280;Reisezentrum Heide (Holstein);;;Güterstraße 13;25746;Heide (Holst);;Reisezentrum;07:45-13:00;13:45-17:30;;07:45-13:00;13:45-17:30;;07:45-13:00;13:45-17:30;;07:45-13:00;13:45-17:30;;07:45-13:00;13:45-17:30;;08:00-13:00;;;;;;54194328;9100823
500629;Reisezentrum Helmstedt;;;Bahnhofstr. 3 ;38350;Helmstedt;;Reisezentrum;06:30-18:00;;;06:30-12:00;13:00-17:00;;06:30-12:00;13:00-17:00;;06:30-18:00;;;06:30-12:00;13:00-17:00;;06:30-12:00;13:00-15:00;;;;;52223740;11013152
500009;Reisezentrum Hildesheim Hbf;;;Bahnhofplatz 1;31134;Hildesheim;;Reisezentrum;07:00-18:00;;;07:00-18:00;;;07:00-18:00;;;07:00-18:00;;;07:00-18:00;;;09:00-14:00;;;10:00-15:00;;;52159620;9953755
500298;Reisezentrum Husum;;;Poggenburgstr. 12;25813;Husum;;Reisezentrum;08:00-17:00;;;08:00-17:00;;;08:00-17:00;;;08:00-17:00;;;08:00-17:00;;;08:00-13:00;;;;;;54472751;9052416
500306;Reisezentrum Itzehoe;;;Bahnhofstr. 32;25524;Itzehoe;;Reisezentrum;08:00-17:00;;;08:00-13:00;13:30-17:00;;08:00-13:00;13:30-17:00;;08:00-13:00;13:30-17:00;;08:00-17:00;;;08:00-12:00;;;;;;53924292;9511045
500074;Reisezentrum Kiel Hbf;;;Sophienblatt 25-27;24103;Kiel;;Reisezentrum;05:45-20:30;;;05:45-20:30;;;05:45-20:30;;;05:45-20:30;;;05:45-20:30;;;06:45-20:00;;;06:45-20:00;;;54315060;10132508
647461;Reisezentrum Königslutter;Video-Reisezentrum;;Bahnhofplatz 1;38154;Königslutter;;Reisezentrum;08:30-16:30;;;08:30-16:30;;;08:30-16:30;;;08:30-16:30;;;08:30-16:30;;;;;;;;;52256721;10812405
500470;Reisezentrum Leer (Ostfriesland);;;Bahnhofsring 8;26789;Leer (Ostfriesl);;Reisezentrum;08:00-17:30;;;08:00-17:30;;;08:00-17:30;;;08:00-17:30;;;08:00-17:30;;;08:00-13:00;;;;;;53231512;7464453
500827;Reisezentrum Lehrte;;;Bahnhofstr. 50;31275;Lehrte;;Reisezentrum;07:45-12:15;13:15-17:45;;07:45-12:15;13:15-17:45;;07:45-12:15;13:15-17:45;;07:45-12:15;13:15-17:45;;07:45-12:15;13:15-17:45;;07:00-12:30;;;;;;52375721;9973882
500322;Reisezentrum Lübeck Hbf;;;Am Bahnhof 2-4;23558;Lübeck;;Reisezentrum;05:45-20:00;;;05:45-20:00;;;05:45-20:00;;;05:45-20:00;;;05:45-20:00;;;06:30-19:30;;;08:30-19:30;;;53867142;10671223
500694;Reisezentrum Lüneburg;;;Bahnhofstr. 12;21337;Lüneburg;;Reisezentrum;07:30-18:30;;;07:30-18:30;;;07:30-18:30;;;07:30-18:30;;;07:30-18:30;;;09:00-14:00;;;10:00-15:00;;;53249627;10419483
500348;Reisezentrum Neumünster;;;Kuhberg 1-3;24534;Neumünster;;Reisezentrum;07:00-18:30;;;07:00-18:30;;;07:00-18:30;;;07:00-18:30;;;07:00-18:30;;;08:00-15:30;;;10:00-15:30;;;54075922;9980750
507053;Reisezentrum Neustadt (Holstein);;;Bahnhofstraße 16;23730;Neustadt (Holst);;Reisezentrum;08:30-12:20;12:50-16:40;;08:30-12:20;12:50-16:40;;08:30-12:20;12:50-16:40;;08:30-12:20;12:50-16:40;;08:30-12:20;12:50-16:40;;;;;;;;54104346;10809351
500835;Reisezentrum Neustadt am Rübenberge;;;Am Bahnhof 1;31535;Neustadt (Rbge);;Reisezentrum;08:00-12:00;13:00-18:00;;08:00-12:00;13:00-18:00;;08:00-12:00;13:00-18:00;;08:00-12:00;13:00-18:00;;08:00-12:00;13:00-18:00;;08:30-13:30;;;;;;52504078;9456292
500355;Reisezentrum Niebüll;;;Bahnhofstr. 1;25899;Niebüll;;Reisezentrum;06:15-16:30;;;06:15-16:30;;;06:15-16:30;;;06:15-16:30;;;06:15-16:30;;;08:15-13:00;;;;;;54787778;8833438
500843;Reisezentrum Nienburg (Weser);;;Bahnhofstr. 9a;31582;Nienburg (Weser);;Reisezentrum;08:30-13:00;14:00-18:30;;08:30-13:00;14:00-18:30;;08:30-13:00;14:00-18:30;;08:30-13:00;14:00-18:30;;08:30-13:00;14:00-18:30;;08:30-13:30;;;;;;52643968;9217026
500504;Reisezentrum Norden;;;Bahnhofstr. 14a;26506;Norden;;Reisezentrum;08:00-12:30;14:00-17:00;;08:00-12:30;14:00-17:00;;08:00-12:30;14:00-17:00;;08:00-12:30;14:00-17:00;;08:00-12:30;14:00-17:00;;;;;;;;53584743;7223920
500033;Reisezentrum Northeim (Hannover);;;Bahnhofstr.;37154;Northeim;;Reisezentrum;07:30-17:45;;;08:00-12:00;13:00-17:45;;08:00-12:00;13:00-17:45;;08:00-12:00;13:00-17:45;;08:00-12:00;13:00-17:45;;08:00-12:45;;;;;;51704856;9991671
500520;Reisezentrum Oldenburg (Oldb) Hbf;;;Bahnhofplatz 12b;26122;Oldenburg (Oldb);;Reisezentrum;07:00-19:00;;;07:00-19:00;;;07:00-19:00;;;07:00-19:00;;;07:00-19:00;;;08:00-16:00;;;09:00-16:00;;;53143426;8221165
500538;Reisezentrum Osnabrück Hbf;;;Theodor-Heuss-Platz 2;49074;Osnabrück;;Reisezentrum;07:30-19:00;;;07:30-19:00;;;07:30-19:00;;;07:30-19:00;;;07:30-19:00;;;09:00-18:00;;;10:00-18:30;;;52273106;8060293
500363;Reisezentrum Pinneberg;;;Bahnhofstr. 1;25421;Pinneberg;;Reisezentrum;09:00-13:00;13:30-17:00;;09:00-13:00;13:30-17:00;;09:00-13:00;13:30-17:00;;09:00-13:00;13:30-17:00;;09:00-13:00;13:30-17:00;;08:00-13:00;;;;;;53655400;9797800
507046;Reisezentrum Preetz;;;Bahnhofstraße 26;24211;Preetz;;Reisezentrum;08:30-12:15;12:45-16:15;;08:30-12:15;12:45-16:15;;08:30-12:15;12:45-16:15;;08:30-12:15;12:45-16:15;;08:30-12:15;12:45-16:15;;;;;;;;54234204;10277061
507061;Reisezentrum Ratzeburg;;;Bahnhof;23909;Ratzeburg;;Reisezentrum;08:00-12:45;13:15-16:00;;08:00-12:45;13:15-16:00;;08:00-12:45;13:15-16:00;;08:00-12:45;13:15-16:00;;08:00-12:45;13:15-16:00;;;;;;;;53698420;10741713
500389;Reisezentrum Rendsburg;;;Am Bahnhof 20;24768;Rendsburg;;Reisezentrum;07:30-13:00;14:00-18:00;;07:30-13:00;14:00-18:00;;07:30-13:00;14:00-18:00;;07:30-13:00;14:00-18:00;;07:30-13:00;14:00-18:00;;08:15-13:00;13:30-16:00;;08:15-13:00;13:30-16:00;;54302487;9669777
500397;Reisezentrum Schleswig;;;Bahnhofstr. 29;24837;Schleswig;;Reisezentrum;07:30-12:45;13:30-17:45;;07:30-12:45;13:30-17:45;;07:30-12:45;13:30-17:45;;07:30-12:45;13:30-17:45;;07:30-12:45;13:30-17:45;;08:15-12:30;13:00-15:00;;08:15-12:30;13:00-15:00;;54500429;9538148
500652;Reisezentrum Stade;;;Am Bahnhof 14;21680;Stade;;Reisezentrum;08:15-18:00;;;08:15-17:15;;;08:15-17:15;;;08:15-17:15;;;08:15-17:15;;;08:45-13:00;;;;;;53596312;9480068
500850;Reisezentrum Stadthagen;;;Am Bahnhof 9;31655;Stadthagen;;Reisezentrum;08:30-13:00;14:00-18:30;;08:30-13:00;14:00-18:30;;08:30-13:00;14:00-18:30;;08:30-13:00;14:00-18:30;;08:30-13:00;14:00-18:30;;08:30-13:00;;;;;;52330208;9181851
500561;Reisezentrum Verden (Aller);;;Bahnhofstr. 14;27283;Verden (Aller);;Reisezentrum;08:00-12:30;13:30-18:00;;08:00-12:30;13:30-18:00;;08:00-12:30;13:30-18:00;;08:00-12:30;13:30-18:00;;08:00-12:30;13:30-18:00;;08:00-13:00;;;;;;52920636;9237676
647917;Reisezentrum Vienenburg;Video-Reisezentrum;;Bahnhofstraße 8;38690;Vienenburg;;Reisezentrum;09:30-17:30;;;09:30-17:30;;;09:30-17:30;;;09:30-17:30;;;09:30-17:30;;;;;;;;;51954927;10562792
500371;Reisezentrum Westerland (Sylt);;;Bahnhofplatz;25980;Westerland (Sylt);;Reisezentrum;09:00-18:00;;;09:00-18:00;;;09:00-18:00;;;09:00-18:00;;;09:00-18:00;;;09:00-16:00;;;;;;54907600;8310130
511048;Reisezentrum Wrist;;;Hauptstraße 1;25563;Wrist;;Reisezentrum;08:15-12:00;12:30-15:45;;08:15-12:00;12:30-15:45;;08:15-12:00;12:30-15:45;;08:15-12:00;12:30-15:45;;08:15-12:00;12:30-15:45;;08:15-13:15;;;;;;53932381;9748150
500728;Reisezentrum Wolfsburg;;;Willy-Brandt-Platz 3;38440;Wolfsburg;;Reisezentrum;07:30-18:30;;;07:30-18:30;;;07:30-18:30;;;07:30-18:30;;;07:30-18:30;;;08:30-15:30;;;10:00-15:00;;;52428901;10787199
500876;Reisezentrum Wunstorf;;;Hindenburgstr. 58;31515;Wunstorf;;Reisezentrum;07:45-12:00;13:00-18:00;;07:45-12:00;13:00-18:00;;07:45-12:00;13:00-18:00;;07:45-12:00;13:00-18:00;;07:45-12:00;13:00-18:00;;07:45-13:30;;;;;;52422833;9448426
647057;Reisezentrum Bordesholm;Video-Reisezentrum;;Mühlenstraße 2;24582;Bordesholm;;Reisezentrum;08:30-18:30;;;08:30-18:30;;;08:30-18:30;;;08:30-18:30;;;08:30-18:30;;;08:30-13:30;;;;;;54174317;10043106
647412;Reisezentrum Bad Fallingbostel;Video-Reisezentrum;;Am Bahnhof 2;29683;Bad Fallingbostel;;Reisezentrum;08:30-16:30;;;08:30-16:30;;;08:30-16:30;;;08:30-16:30;;;08:30-16:30;;;;;;;;;52863287;9701158
647891;Reisezentrum Schladen;Video-Reisezentrum;;Am Bahnhof;38315;Schladen;;Reisezentrum;09:30-17:30;;;09:30-17:30;;;09:30-17:30;;;09:30-17:30;;;09:30-17:30;;;;;;;;;52021851;10549578
670489;Reisezentrum Stelle;Video-Reisezentrum;;Uhlenhorst 18;21435;Stelle;;Reisezentrum;07:30-18:30;;;07:30-18:30;;;07:30-18:30;;;07:30-18:30;;;07:30-18:30;;;08:30-13:30;;;;;;53387529;10108940
670612;Reisezentrum Himmelpforten;Video-Reisezentrum;;Am Bahnhof 2;21709;Himmelpforten;;Reisezentrum;07:30-18:30;;;07:30-18:30;;;07:30-18:30;;;07:30-18:30;;;07:30-18:30;;;08:30-13:30;;;;;;53623235;9310352
501452;Reisezentrum Bautzen;;;Rathenauplatz 1;2625;Bautzen;;Reisezentrum;08:00-11:30;12:00-17:00;;08:00-11:30;12:00-17:00;;08:00-11:30;12:00-17:00;;08:00-11:30;12:00-17:00;;08:00-11:30;12:00-17:00;;;;;;;;51173638;14429277
501239;Reisezentrum Bergen (Rügen);;;Bahnhofstraße 34;18528;Bergen auf Rügen;;Reisezentrum;08:00-11:30;12:00-16:00;;08:00-11:30;12:00-16:00;;08:00-11:30;12:00-16:00;;08:00-11:30;12:00-16:00;;08:00-11:30;12:00-16:00;;;;;;;;54421360;13420562
501072;Reisezentrum Berlin Alexanderplatz;;;Dircksenstraße 7;10178;Berlin;;Reisezentrum;08:00-20:00;;;08:00-20:00;;;08:00-20:00;;;08:00-20:00;;;08:00-20:00;;;10:00-18:00;;;10:00-18:00;;;52521853;13411240
500983;Reisezentrum Berlin Friedrichstraße;;;Georgenstraße 14 - 18;10117;Berlin;;Reisezentrum;08:00-20:00;;;08:00-20:00;;;08:00-20:00;;;08:00-20:00;;;08:00-20:00;;;10:00-18:00;;;10:00-18:00;;;52520469;13387174
509273;Reisezentrum Berlin Hbf;;;Europaplatz 1;10557;Berlin;;Reisezentrum;07:00-22:00;;;07:00-22:00;;;07:00-22:00;;;07:00-22:00;;;07:00-22:00;;;07:00-22:00;;;08:00-22:00;;;52525840;13369764
501148;Reisezentrum Berlin Ostbahnhof;;;Am Ostbahnhof 9;10243;Berlin;;Reisezentrum;08:00-20:00;;;08:00-20:00;;;08:00-20:00;;;08:00-20:00;;;08:00-20:00;;;10:00-18:00;;;10:00-18:00;;;52510483;13433203
509380;Reisezentrum Berlin Südkreuz;;;General-Pape-Straße 1;12101;Berlin;;Reisezentrum;08:00-20:00;;;08:00-20:00;;;08:00-20:00;;;08:00-20:00;;;08:00-20:00;;;10:00-18:00;;;10:00-18:00;;;52475165;13365929
501270;Reisezentrum Berlin Zoologischer Garten;;;Hardenbergplatz 11;10623;Berlin;;Reisezentrum;08:00-20:00;;;08:00-20:00;;;08:00-20:00;;;08:00-20:00;;;08:00-20:00;;;10:00-18:00;;;10:00-18:00;;;52507082;13332479
501106;Reisezentrum Berlin-Spandau;;;Seegefelder Straße 1;13597;Berlin;;Reisezentrum;08:00-20:00;;;08:00-20:00;;;08:00-20:00;;;08:00-20:00;;;08:00-20:00;;;10:00-18:00;;;10:00-18:00;;;52534722;13199328
510818;Reisezentrum Berlin Gesundbrunnen;;;Badstraße 1-3;13357;Berlin;;Reisezentrum;08:00-20:00;;;08:00-20:00;;;08:00-20:00;;;08:00-20:00;;;08:00-20:00;;;10:00-18:00;;;10:00-18:00;;;52549076;13388303
501387;Reisezentrum Bitterfeld;;;Bahnhofstraße 1;6749;Bitterfeld;;Reisezentrum;07:15-12:00;12:45-17:00;;07:15-12:00;12:45-17:00;;07:15-12:00;12:45-17:00;;07:15-12:00;12:45-17:00;;07:15-12:00;12:45-17:00;;;;;;;;51622910;12318296
509984;Reisezentrum Borna;;;Bahnhofstraße 451;4552;Borna;;Reisezentrum;06:30-17:00;;;06:30-17:00;;;06:30-17:00;;;06:30-17:00;;;06:30-17:00;;;06:30-17:00;;;10:00-17:00;;;51118252;12486468
501007;Reisezentrum Brandenburg Hbf;;;Am Hauptbahnhof 9;14776;Brandenburg;;Reisezentrum;06:30-18:30;;;06:30-18:30;;;06:30-18:30;;;06:30-18:30;;;06:30-18:30;;;08:30-13:30;;;10:30-15:30;;;52401156;12566259
500900;Reisezentrum Chemnitz Hbf;;;Bahnhofstraße 1;9111;Chemnitz;;Reisezentrum;09:30-18:00;;;09:30-18:00;;;09:30-18:00;;;09:30-18:00;;;09:30-18:00;;;08:30-14:00;;;10:00-16:30;;;50839141;12929535
501171;Reisezentrum Cottbus;;;Vetschauerstr. 70;3048;Cottbus;;Reisezentrum;08:00-18:30;;;08:00-18:30;;;08:00-18:30;;;08:00-18:30;;;08:00-18:30;;;08:00-16:30;;;09:00-18:30;;;51750178;14326248
510461;Reisezentrum Delitzsch;;;Eisenbahnstraße 14;4509;Delitzsch;;Reisezentrum;06:30-09:00;09:30-17:30;;06:30-09:00;09:30-17:30;;06:30-09:00;09:30-17:30;;06:30-09:00;09:30-17:30;;06:30-09:00;09:30-17:30;;;;;;;;51524477;12345727
647362;Reisezentrum Demmin;Video-Reisezentrum;;Bahnhofstraße 23b;17109;Demmin;;Reisezentrum;08:30-16:30;;;08:30-16:30;;;08:30-16:30;;;08:30-16:30;;;08:30-16:30;;;;;;;;;53901009;13053625
501346;Reisezentrum Dessau Hbf;;;Fritz-Hesse-Straße 47;6844;Dessau;;Reisezentrum;06:30-18:30;;;07:30-18:30;;;07:30-18:30;;;07:30-18:30;;;07:30-18:30;;;06:30-11:30;12:00-14:30;;10:30-14:30;15:00-18:30;;51839469;12235622
501031;Reisezentrum Dresden Hbf;;;Wiener Platz 4;1069;Dresden;;Reisezentrum;07:00-21:00;;;07:00-21:00;;;07:00-21:00;;;07:00-21:00;;;07:00-21:00;;;07:00-21:00;;;07:00-21:00;;;51039124;13733315
500918;Reisezentrum Dresden-Neustadt;;;Schlesischer Platz 1;1097;Dresden;;Reisezentrum;06:45-20:00;;;06:45-20:00;;;06:45-20:00;;;06:45-20:00;;;06:45-20:00;;;07:00-20:00;;;07:00-20:00;;;51065093;13740838
510453;Reisezentrum Eilenburg;;;Bahnhofstraße 21;4838;Eilenburg;;Reisezentrum;06:30-17:30;;;06:30-17:30;;;06:30-17:30;;;06:30-17:30;;;06:30-17:30;;;;;;;;;51452243;12636773
500884;Reisezentrum Eisenach;;;Bahnhofstraße 35;99817;Eisenach;;Reisezentrum;07:00-18:00;;;07:00-18:00;;;07:00-18:00;;;07:00-18:00;;;07:00-18:00;;;08:00-13:00;;;;;;50976001;10331886
501569;Reisezentrum Erfurt Hbf;;;Willy-Brandt-Platz 12;99084;Erfurt;;Reisezentrum;07:00-18:00;;;07:00-18:00;;;07:00-18:00;;;07:00-18:00;;;07:00-18:00;;;08:30-16:30;;;09:30-18:00;;;50972981;11037279
501163;Reisezentrum Frankfurt (Oder);;;Bahnhofsplatz 11/12;15230;Frankfurt (Oder);;Reisezentrum;06:30-18:30;;;06:30-18:30;;;06:30-18:30;;;06:30-18:30;;;06:30-18:30;;;07:30-14:00;;;12:00-18:00;;;52338011;14547306
501478;Reisezentrum Freiberg (Sachsen);;;Am Bahnhof 17;9599;Freiberg (Sachs);;Reisezentrum;08:30-13:30;14:00-17:30;;08:30-13:30;14:00-17:30;;08:30-13:30;14:00-17:30;;08:30-13:30;14:00-17:30;;08:30-13:30;14:00-17:30;;;;;;;;50909077;13343893
500892;Reisezentrum Gera Hbf;;;Bahnhofsplatz 3;7545;Gera;;Reisezentrum;07:00-18:00;;;08:00-12:30;13:15-18:00;;08:00-12:30;13:15-18:00;;08:00-12:30;13:15-18:00;;07:00-18:00;;;08:00-13:15;;;10:00-15:15;;;50882855;12078517
501528;Reisezentrum Görlitz;;;Bahnhofstraße 76;2826;Görlitz;;Reisezentrum;08:00-17:00;;;08:00-17:00;;;08:00-17:00;;;08:00-17:00;;;08:00-17:00;;;;;;;;;51147632;14978824
501544;Reisezentrum Gotha;;;Bahnhofstraße 22 B;99867;Gotha;;Reisezentrum;06:00-18:00;;;06:45-12:00;12:45-17:00;;06:45-12:00;12:45-17:00;;06:45-12:00;12:45-17:00;;06:00-18:00;;;;;;09:00-12:30;13:00-17:00;;50939833;10711951
501213;Reisezentrum Greifswald;;;Bahnhofstraße 43;17489;Greifswald;;Reisezentrum;08:00-12:15;13:00-18:00;;08:00-12:15;13:00-18:00;;08:00-12:15;13:00-18:00;;08:00-12:15;13:00-18:00;;08:00-12:15;13:00-18:00;;09:00-12:30;13:00-16:30;;09:00-12:30;13:00-16:30;;54093128;13371067
501312;Reisezentrum Güstrow;;;Bahnhofsplatz 3;18273;Güstrow;;Reisezentrum;07:15-12:15;13:00-17:30;;07:15-12:15;13:00-17:30;;07:15-12:15;13:00-17:30;;07:15-12:15;13:00-17:30;;07:15-12:15;13:00-17:30;;08:10-12:15;12:45-15:50;;08:10-12:15;12:45-15:50;;53800412;12171601
501353;Reisezentrum Halle (Saale) Hbf;;;Hans-Dietrich-Genscher-Platz 1;6112;Halle (Saale);;Reisezentrum;06:00-20:00;;;06:00-20:00;;;06:00-20:00;;;06:00-20:00;;;06:00-20:00;;;07:00-20:00;;;08:00-20:00;;;51478363;11986477
501601;Reisezentrum Jena Paradies;;;Knebelstraße 1;7743;Jena;;Reisezentrum;08:30-17:00;;;08:30-17:00;;;08:30-17:00;;;08:30-17:00;;;08:30-17:00;;;08:30-16:00;;;;;;50924178;11584021
501593;Reisezentrum Jena West;;;Westbahnhofstraße 13;7745;Jena;;Reisezentrum;07:15-12:45;13:30-17:00;;07:15-12:45;13:30-17:00;;07:15-12:45;13:30-17:00;;07:15-12:45;13:30-17:00;;07:15-12:45;13:30-17:00;;;;;10:00-15:00;;;50925752;11582016
501379;Reisezentrum Köthen Pbf;;;Bahnhofsplatz 8;6366;Köthen;;Reisezentrum;06:50-12:30;13:15-17:05;;06:50-12:30;13:15-17:05;;06:50-12:30;13:15-17:05;;06:50-12:30;13:15-17:05;;06:50-12:30;13:15-17:05;;07:30-11:00;11:30-15:30;;08:45-12:00;12:30-17:15;;51751977;11988302
670679;Reisezentrum Leinefelde;Video-Reisezentrum;;Conrad-Hentrich-Platz 1;37327;Leinefelde;;Reisezentrum;07:15-18:30;;;07:15-18:30;;;07:15-18:30;;;07:15-18:30;;;07:15-18:30;;;08:15-13:30;;;;;;51388372;10329037
500934;Reisezentrum Leipzig Hbf;;;Willy-Brandt-Platz 5;4109;Leipzig;;Reisezentrum;08:00-20:00;;;08:00-20:00;;;08:00-20:00;;;08:00-20:00;;;08:00-20:00;;;08:00-20:00;;;08:00-20:00;;;51344481;12380773
510479;Reisezentrum Leipzig Markt;;;Markt 1a;4109;Leipzig;;Reisezentrum;07:00-20:00;;;07:00-20:00;;;07:00-20:00;;;07:00-20:00;;;07:00-20:00;;;09:00-20:00;;;09:00-18:00;;;51340298;12375080
501304;Reisezentrum Ludwigslust;;;Rudolph-Tarnow-Str. 1-3;19288;Ludwigslust;;Reisezentrum;07:00-11:30;12:15-17:00;;07:00-11:30;12:15-17:00;;07:00-11:30;12:15-17:00;;07:00-11:30;12:15-17:00;;07:00-11:30;12:15-17:00;;08:00-11:30;12:00-15:00;;09:00-12:30;13:00-18:00;;53335301;11491000
501395;Reisezentrum Lutherstadt Wittenberg;;;Am Hauptbahnhof 1;6886;Lutherstadt Wittenberg;;Reisezentrum;07:30-18:30;;;07:30-18:30;;;07:30-18:30;;;07:30-18:30;;;07:30-18:30;;;07:30-11:30;12:00-15:30;;09:30-13:30;14:00-17:30;;51868000;12661700
500967;Reisezentrum Magdeburg Hbf;;;Bahnhofstraße 69;39104;Magdeburg;;Reisezentrum;06:00-20:00;;;06:00-20:00;;;06:00-20:00;;;06:00-20:00;;;06:00-20:00;;;07:00-19:00;;;08:00-20:00;;;52129515;11628400
647933;Reisezentrum Markkleeberg;Video-Reisezentrum;im Sportbad Markkleeberg;Rathausstraße 29, Zugang Schwimmhalle;4416;Markkleeberg;;Reisezentrum;09:30-17:30;;;09:30-17:30;;;09:30-17:30;;;09:30-17:30;;;09:30-17:30;;;;;;;;;51279217;12371877
501627;Reisezentrum Mühlhausen (Thür);;;Bahnhofsplatz 6;99974;Mühlhausen (Thür);;Reisezentrum;06:30-11:00;11:45-16:15;;06:30-11:00;11:45-16:15;;06:30-11:00;11:45-16:15;;06:30-11:00;11:45-16:15;;06:30-11:00;11:45-16:15;;07:30-12:00;12:30-16:15;;08:30-12:00;12:30-16:15;;51208525;10473538
501247;Reisezentrum Neubrandenburg;;;Am Bahnhof 6, Haus 5;17033;Neubrandenburg;;Reisezentrum;06:00-10:30;11:00-15:30;16:00-21:00;06:00-10:30;11:00-15:30;16:00-21:00;06:00-10:30;11:00-15:30;16:00-21:00;06:00-21:00;;;06:00-10:30;11:00-15:30;16:00-21:00;06:45-15:30;16:00-19:45;;06:45-15:30;16:00-19:45;;53561290;13261695
501619;Reisezentrum Nordhausen;;;Bahnhofsvorplatz 6;99734;Nordhausen;;Reisezentrum;06:30-19:00;;;07:45-12:30;13:15-17:15;;07:45-12:30;13:15-17:15;;07:45-12:30;13:15-17:15;;06:30-19:00;;;;;;09:30-13:00;13:45-19:00;;51493636;10789051
665455;Reisezentrum Ostseebad Binz;Video-Reisezentrum;;Dollahner Straße;18609;Ostseebad Binz;;Reisezentrum;09:15-16:45;;;09:15-16:45;;;09:15-16:45;;;09:15-16:45;;;09:15-16:45;;;09:00-12:45;;;;;;;
500991;Reisezentrum Potsdam;;;Friedrich-Engels Straße 101;14473;Potsdam;;Reisezentrum;08:00-19:00;;;08:00-19:00;;;08:00-19:00;;;08:00-19:00;;;08:00-19:00;;;08:30-16:00;;;08:30-16:00;;;52390760;13066249
507772;Reisezentrum Rathenow;;;Dunkerplatz 21;14712;Rathenow;;Reisezentrum;08:15-12:15;13:00-17:45;;08:15-12:15;13:00-17:45;;08:15-12:15;13:00-17:45;;08:15-12:15;13:00-17:45;;08:15-12:15;13:00-17:45;;09:00-12:15;12:45-15:45;;;;;52600298;12354540
501494;Reisezentrum Riesa;;;Bahnhofstraße 50;1587;Riesa;;Reisezentrum;06:30-18:30;;;06:30-18:30;;;06:30-18:30;;;06:30-18:30;;;06:30-18:30;;;07:30-12:30;;;12:30-17:30;;;51308926;13286416
501015;Reisezentrum Rostock Hbf;;;Konrad-Adenauer-Platz 4;18055;Rostock;;Reisezentrum;06:00-20:00;;;06:00-20:00;;;06:00-20:00;;;06:00-20:00;;;06:00-20:00;;;08:00-17:00;;;09:00-18:00;;;54078691;12132318
501635;Reisezentrum Saalfeld (Saale);;;Bahnhofsvorplatz;7318;Saalfeld;;Reisezentrum;07:00-12:00;12:45-16:45;;07:00-12:00;12:45-16:45;;07:00-12:00;12:45-16:45;;07:00-12:00;12:45-16:45;;07:00-12:00;12:45-16:45;;;;;11:45-16:45;;;50651000;11373400
501023;Reisezentrum Schwerin Hbf;;;Grunthalplatz 3 - 4;19053;Schwerin;;Reisezentrum;06:00-19:00;;;06:00-19:00;;;06:00-19:00;;;06:00-19:00;;;06:00-19:00;;;08:00-17:00;;;09:00-18:00;;;53634597;11408012
500959;Reisezentrum Stendal;;;Bahnhofstraße 34;39576;Stendal;;Reisezentrum;06:00-17:30;;;07:30-17:30;;;07:00-09:45;10:15-13:30;;07:30-17:30;;;07:30-17:30;;;07:30-13:30;;;11:30-19:00;;;52595453;11854407
501254;Reisezentrum Stralsund;;;Tribseer Damm 75;18437;Stralsund;;Reisezentrum;06:30-20:30;;;06:30-20:30;;;06:30-20:30;;;06:30-20:30;;;06:30-20:30;;;08:15-18:15;;;08:15-18:15;;;54309166;13078729
501551;Reisezentrum Suhl;;;Bahnhofstraße 28;98527;Suhl;;Reisezentrum;06:00-12:30;13:00-16:30;;08:00-12:30;13:00-16:30;;08:00-12:30;13:00-16:30;;08:00-12:30;13:00-16:30;;08:00-12:30;13:00-16:30;;;;;12:00-17:30;;;50605924;10683922
501643;Reisezentrum Weimar;;;Schopenhauer Straße 2;99423;Weimar;;Reisezentrum;08:00-18:00;;;08:00-18:00;;;08:00-18:00;;;08:00-18:00;;;08:00-18:00;;;09:00-14:00;;;12:30-18:00;;;50990950;11325922
501296;Reisezentrum Wismar;;;Bahnhofstraße 1;23966;Wismar;;Reisezentrum;07:30-12:00;12:45-17:20;;07:30-12:00;12:45-17:20;;07:30-12:00;12:45-17:20;;07:30-12:00;12:45-17:20;;07:30-12:00;12:45-17:20;;07:30-12:00;12:30-15:20;;08:30-12:00;12:30-16:20;;53896875;11466900
501288;Reisezentrum Wittenberge;;;Am Bahnhof 1;19322;Wittenberge;;Reisezentrum;07:30-12:15;13:00-17:45;;07:30-12:15;13:00-17:45;;07:30-12:15;13:00-17:45;;07:30-12:15;13:00-17:45;;07:30-12:15;13:00-17:45;;;;;09:30-14:15;14:45-18:30;;53001550;11763059
509950;Reisezentrum Wolmirstedt;;;Bahnhofstraße 17;39326;Wolmirstedt;;Reisezentrum;05:45-09:00;09:30-13:45;;05:45-09:00;09:30-13:45;;05:45-09:00;09:30-13:45;;05:45-09:00;09:30-13:45;;05:45-09:00;09:30-13:45;;;;;;;;52250250;11635404
502526;Reisezentrum Ansbach;;;Bahnhofplatz 2;91522;Ansbach;;Reisezentrum;07:00-18:00;;;07:00-18:00;;;07:00-18:00;;;07:00-18:00;;;07:00-18:00;;;08:00-13:30;;;;;;49298830;10578442
502534;Reisezentrum Aschaffenburg Hbf;;;Ludwigstr. 2 - 4;63739;Aschaffenburg;;Reisezentrum;07:30-19:00; ; ;07:30-19:00; ; ;07:30-19:00; ; ;07:30-19:00; ; ;07:30-19:00; ; ;08:30-15:00; ; ;11:00-17:00; ; ;49979916;9144708
501759;Reisezentrum Augsburg Hbf;;;Viktoriastrasse 1;86150;Augsburg;;Reisezentrum;07:30-19:30;;;07:30-19:30;;;07:30-19:30;;;07:30-19:30;;;07:30-19:30;;;09:00-17:00;;;10:00-17:00;;;48366388;10886485
646943;Reisezentrum Bad Kissingen;Video-Reisezentrum;;Bahnhofstr. 5;97688;Bad Kissingen;;Reisezentrum;07:00-19:00;;;07:30-19:00;;;07:30-19:00;;;07:30-19:00;;;07:30-19:00;;;08:00-15:00;;;09:00-14:00;;;50194003;10080008
646919;Reisezentrum Bad Neustadt (Saale);Video-Reisezentrum;;Siemensstr. 12;97616;Bad Neustadt (Saale);;Reisezentrum;07:00-19:00;;;07:30-19:00;;;07:30-19:00;;;07:30-19:00;;;07:30-19:00;;;08:00-15:00;;;09:00-14:00;;;50328481;10225571
648790;Reisezentrum Bad Wörishofen;Video-Reisezentrum;;Bahnhofplatz 1;86825;Bad Wörishofen;;Reisezentrum;06:45-18:15; ; ;06:45-18:15; ; ;06:45-18:15; ; ;06:45-18:15; ; ;06:45-18:15; ; ;07:30-14:15; ; ;08:00-13:45; ; ;48005832;10597666
502542;Reisezentrum Bamberg;;;Ludwigstr. 6;96052;Bamberg;;Reisezentrum;08:00-19:00; ; ;08:00-19:00; ; ;08:00-19:00; ; ;08:00-19:00; ; ;08:00-19:00; ; ;08:00-16:00; ; ;09:00-16:00; ; ;49900082;10898719
501924;Reisezentrum Bayreuth Hbf;;;Bahnhofstr. 20;95444;Bayreuth;;Reisezentrum;07:00-17:30;;;07:00-17:30;;;07:00-17:30;;;07:00-17:30;;;07:00-17:30;;;08:00-13:30;;;09:30-15:00;;;49949631;11579427
502104;Reisezentrum Buchloe;;;Bahnhofstr. 62;86807;Buchloe;;Reisezentrum;07:00-12:00;12:50-17:30; ;07:00-12:00;12:50-17:30; ;07:00-12:00;12:50-17:30; ;07:00-12:00;12:50-17:30; ;07:00-12:00;12:50-17:30; ;08:00-12:00;12:50-15:30; ;12:30-17:30; ; ;48033634;10717290
502575;Reisezentrum Coburg;;;Lossaustr. 6;96450;Coburg;;Reisezentrum;07:30-18:00;;;07:30-18:00;;;07:30-18:00;;;07:30-18:00;;;07:30-18:00;;;08:00-13:00;;;09:00-12:35;13:45-18:00;;50262285;10958551
502260;Reisezentrum Dachau Bahnhof;;;Bahnhofstr. 1;85221;Dachau;;Reisezentrum;08:00-18:00;;;08:00-18:00;;;08:00-18:00;;;08:00-18:00;;;08:00-18:00;;;;;;;;;48253142;11441353
502005;Reisezentrum Donauwörth;;;Bahnhofstrasse 34;86609;Donauwörth;;Reisezentrum;06:30-17:30;;;06:30-17:30;;;06:30-17:30;;;06:30-17:30;;;06:30-17:30;;;07:30-12:30;;;;;;48714792;10771522
502278;Reisezentrum Dorfen Bahnhof;;;Bahnhofstr. 6;84405;Dorfen;;Reisezentrum;05:55-11:20;12:45-16:20;;05:55-11:20;12:45-16:20;;05:55-11:20;12:45-16:20;;05:55-11:20;12:45-16:20;;05:55-11:20;12:45-16:20;;;;;;;;48267506;12160265
502286;Reisezentrum Eichstätt Stadt;;;Bahnhofplatz 17;85072;Eichstätt;;Reisezentrum;08:00-12:00;13:00-17:00;;08:00-12:00;13:00-17:00;;08:00-12:00;13:00-17:00;;08:00-12:00;13:00-17:00;;08:00-12:00;13:00-17:00;;;;;;;;48869937;11164242
502583;Reisezentrum Erlangen;;;Bahnhofplatz 1;91054;Erlangen;;Reisezentrum;07:30-19:00;;;07:30-19:00;;;07:30-19:00;;;07:30-19:00;;;07:30-19:00;;;08:15-15:00; ; ;09:15-15:00; ; ;49595735;11002571
502591;Reisezentrum Forchheim (Oberfranken);;;Bahnhofplatz 9;91301;Forchheim;;Reisezentrum;06:30-17:50;;;07:00-17:50;;;07:00-11:00;11:45-16:15;;07:00-11:00;11:45-16:15;;07:00-17:50;;;;;;;;;49716810;11069334
502310;Reisezentrum Freilassing;;;Bahnhofstr. 6;83395;Freilassing;;Reisezentrum;06:25-18:00;;;06:25-18:00;;;06:25-18:00;;;06:25-18:00;;;06:25-18:00;;;06:50-11:30;12:00-13:45;;09:00-14:40;;;47836564;12975776
502328;Reisezentrum Freising;;;Bahnhofplatz 4;85354;Freising;;Reisezentrum;07:00-18:30;;;07:00-18:30;;;07:00-18:30;;;07:00-18:30;;;07:00-18:30;;;08:00-13:30;;;;;;48395558;11744164
647909;Reisezentrum Freising;Video-Reisezentrum;;Bahnhofplatz 4;85354;Freising;;Reisezentrum;06:45-18:15; ; ;06:45-18:15; ; ;06:45-18:15; ; ;06:45-18:15; ; ;06:45-18:15; ; ;07:30-14:15; ; ;08:00-13:45; ; ;48395558;11744164
502609;Reisezentrum Fürth (Bayern) Hbf;;;Bahnhofplatz 9;90762;Fürth;;Reisezentrum;06:45-18:10;;;06:45-18:10;;;06:45-17:00;;;06:45-17:00;;;06:45-18:10;;;08:00-13:15;;;;;;49470209;10991425
647867;Reisezentrum Fürth (Bayern) Hbf;Video-Reisezentrum;;Bahnhofplatz 9;90762;Fürth;;Reisezentrum;07:00-19:00;;;07:30-19:00;;;07:30-19:00;;;07:30-19:00;;;07:30-19:00;;;08:00-15:00;;;09:00-14:00;;;49470209;10991425
502138;Reisezentrum Füssen;;;Bahnhofstr. 12;87629;Füssen;;Reisezentrum;07:40-12:10;12:40-15:40;;07:40-12:10;12:40-15:40;;07:40-12:10;12:40-15:40;;07:40-12:10;12:40-15:40;;07:40-12:10;12:40-15:40;;;;;;;;47570177;10697801
502146;Reisezentrum Garmisch-Partenkirchen;;;Bahnhofstr. 31;82467;Garmisch-Partenkirchen;;Reisezentrum;07:10-18:30; ; ;07:10-18:20; ; ;07:10-18:20; ; ;07:10-18:20; ; ;07:10-18:20; ; ;07:10-15:30; ; ;08:20-14:00; ; ;47491576;11097722
648493;Reisezentrum Geltendorf;Video-Reisezentrum;;Am Bahnhof 6;82269;Geltendorf;;Reisezentrum;06:45-18:15; ; ;06:45-18:15; ; ;06:45-18:15; ; ;06:45-18:15; ; ;06:45-18:15; ; ;07:30-14:15; ; ;08:00-13:45; ; ;48106294;11038169
502013;Reisezentrum Günzburg;;;Bahnhofplatz 7;89312;Günzburg;;Reisezentrum;09:00-18:00; ; ;09:00-18:00; ; ;09:00-18:00; ; ;09:00-18:00; ; ;09:00-18:00; ; ;09:00-14:00; ;;;;;48460199;10279200
501791;Reisezentrum Hof Hbf;;;Bahnhofplatz 12;95028;Hof;;Reisezentrum;06:50-18:00;;;08:00-12:00;13:00-18:00;;08:00-12:00;13:00-18:00;;08:00-12:00;13:00-18:00;;06:50-18:00;;;06:40-12:10;;;10:00-15:10;;;50308453;11923651
647875;Reisezentrum Hof Hbf;Video-Reisezentrum;;Bahnhofplatz 12;95028;Hof;;Reisezentrum;07:00-19:00;;;07:30-19:00;;;07:30-19:00;;;07:30-19:00;;;07:30-19:00;;;08:00-15:00;;;09:00-14:00;;;50308453;11923651
502021;Reisezentrum Illertissen;;;Bahnhofstr. 2;89257;Illertissen;;Reisezentrum;07:45-12:00;13:15-18:00;;07:45-12:00;13:15-18:00;;07:45-12:00;13:15-18:00;;07:45-12:00;13:15-18:00;;07:45-12:00;13:15-18:00;;;;;;;;48224143;10100288
647263;Reisezentrum Immenstadt;Video-Reisezentrum;;Bahnhofstr. 39;87509;Immenstadt;;Reisezentrum;06:45-18:15; ; ;06:45-18:15; ; ;06:45-18:15; ; ;06:45-18:15; ; ;06:45-18:15; ; ;07:30-14:15; ; ;08:00-13:45; ; ;47559462;10213849
501775;Reisezentrum Ingolstadt Hbf;;;Bahnhofstraße 8;85051;Ingolstadt;;Reisezentrum;06:30-18:00;;;06:30-18:00;;;06:30-18:00;;;06:30-18:00;;;06:30-18:00;;;09:00-15:30;;;11:00-17:00;;;48743935;11436517
646927;Reisezentrum Kahl (Main);Video-Reisezentrum;;Am Bahnhof 6;63796;Kahl a. Main;;Reisezentrum;07:00-18:00;;;07:30-18:00;;;07:30-18:00;;;07:30-18:00;;;07:30-18:00;;;08:00-15:00;;;09:00-14:00;;;50074995;9006634
502161;Reisezentrum Kaufbeuren;;;Bahnhofstr. 10;87600;Kaufbeuren;;Reisezentrum;06:30-18:00;;;06:30-18:00;;;06:30-18:00;;;06:30-18:00;;;06:30-18:00;;;07:30-13:00;;;09:00-12:15;12:45-16:30;;47874237;10627065
502096;Reisezentrum Kaufering;;;Bahnhofstr. 15;86916;Kaufering;;Reisezentrum;07:00-12:00;13:00-17:00;;07:00-12:00;13:00-17:00;;07:00-12:00;13:00-17:00;;07:00-12:00;13:00-17:00;;07:00-12:00;13:00-17:00;;;;;;;;48082077;10856964
502088;Reisezentrum Kempten (Allgäu) Hbf;;;Bahnhofplatz 2;87435;Kempten;;Reisezentrum;06:30-18:30;;;07:00-18:30;;;07:00-18:30;;;07:00-18:30;;;07:00-18:30;;;08:00-14:30;;;09:00-14:30;;;47711973;10316389
668145;Reisezentrum Kulmbach;Video-Reisezentrum;;Bahnhofsplatz 1;95326;Kulmbach;;Reisezentrum;07:00-19:00;;;07:30-19:00;;;07:30-19:00;;;07:30-19:00;;;07:30-19:00;;;08:00-15:00;;;09:00-14:00;;;50109719;11451939
502633;Reisezentrum Lichtenfels;;;Bahnhofsplatz 3;96215;Lichtenfels;;Reisezentrum;07:45-12:15;13:15-17:00;;07:45-12:15;13:15-17:00;;07:45-12:15;13:15-17:00;;07:45-12:15;13:15-17:00;;07:45-12:15;13:15-17:00;;07:15-12:15;;;11:30-17:15;;;50145821;11060093
501809;Reisezentrum Marktredwitz;;;Bahnhofplatz 7;95615;Marktredwitz;;Reisezentrum;06:45-12:15;13:15-17:00;;06:45-12:15;13:15-17:00;;06:45-12:15;13:15-17:00;;06:45-12:15;13:15-17:00;;06:45-12:15;13:15-17:00;;06:45-12:15;;;08:45-12:15;13:15-17:00;;50004160;12082904
502070;Reisezentrum Memmingen;;;Bahnhofstr. 3;87700;Memmingen;;Reisezentrum;06:10-18:30;;;07:00-18:30;;;07:00-18:30;;;07:00-18:30;;;07:00-18:30;;;07:45-14:15;;;10:45-16:15;;;47985982;10186333
501767;Reisezentrum Mering;;;Bahnhofstr. 2;86415;Mering;;Reisezentrum;08:00-12:20;13:20-17:00;;08:00-12:20;13:20-17:00;;08:00-12:20;13:20-17:00;;08:00-12:20;13:20-17:00;;08:00-12:20;13:20-17:00;;;;;;;;48263605;10987703
501999;Reisezentrum München Flughafen;Terminal 1;;Nordalle 25;85356;München;Zentralbereich Ebene 03 ;Reisezentrum;07:30-21:00;;;07:30-21:00;;;07:30-21:00;;;07:30-21:00;;;07:30-21:00;;;08:30-18:30;;;08:30-18:30;;;48355511;11763158
501981;Reisezentrum München Hbf;;;Bahnhofplatz 2;80335;München;;Reisezentrum;07:00-21:00;;;07:00-21:00;;;07:00-21:00;;;07:00-21:00;;;07:00-21:00;;;07:00-21:00;;;07:00-21:00;;;48140605;11560574
506204;Reisezentrum München Hbf;S-Bahn Kundencenter München Hbf;Zwischengeschoss;Arnulfstr. 1;80335;München;(Ausschließlich Verkauf von MVV-Fahrkarten);Reisezentrum;07:00-20:00;;;07:00-20:00;;;07:00-20:00;;;07:00-20:00;;;07:00-20:00;;;09:00-18:00;;;09:00-18:00;;;48141235;11559094
502419;Reisezentrum München Ost;;;Orleansplatz 11;81667;München;;Reisezentrum;07:00-20:00;;;07:00-20:00;;;07:00-20:00;;;07:00-20:00;;;07:00-20:00;;;08:00-18:00;;;08:00-18:00;;;48127652;11603851
509455;Reisezentrum München Ost;S-Bahn Kundencenter München Ost;;Orleansplatz 11;81667;München;(Ausschließlich Verkauf von MVV-Fahrkarten);Reisezentrum;07:00-20:00;;;07:00-20:00;;;07:00-20:00;;;07:00-20:00;;;07:00-20:00;;;08:00-18:00;;;08:00-13:00;14:00-18:00;;48127652;11603851
502427;Reisezentrum München-Pasing;;;Pasinger-Bahnhofsplatz 8;81241;München;;Reisezentrum;07:00-20:00;;;07:00-20:00;;;07:00-20:00;;;07:00-20:00;;;07:00-20:00;;;08:00-18:00;;;08:00-18:00;;;48148966;11460877
502112;Reisezentrum Murnau;;;Bahnhofplatz 1;82418;Murnau;;Reisezentrum;06:40-12:00;13:10-17:30;;06:40-12:00;13:10-17:30;;06:40-12:00;13:10-17:30;;06:40-12:00;13:10-17:30;;06:40-12:00;13:10-17:30;;08:10-14:00;;;08:10-14:00;;;47682426;11193233
509117;Reisezentrum Neuendettelsau;;;Bahnhofstr. 38;91564;Neuendettelsau;;Reisezentrum;08:00-12:00;;;08:00-12:00;;;08:00-12:00;;;13:00-17:00;;;13:00-17:00;;;;;;;;;49282532;10782893
646992;Reisezentrum Neuhaus (Pegnitz);Video-Reisezentrum;;Bahnhofstrasse 13;91284;Neuhaus(Pegnitz);;Reisezentrum;07:00-19:00;;;07:30-19:00;;;07:30-19:00;;;07:30-19:00;;;07:30-19:00;;;08:00-15:00;;;09:00-14:00;;;49627691;11552163
501817;Reisezentrum Neumarkt (Oberpfalz);;;Bahnhofplatz 1;92318;Neumarkt;;Reisezentrum;06:40-12:15;13:05-17:30; ;06:40-12:15;13:05-17:30; ;06:40-12:15;13:05-17:30; ;06:40-12:15;13:05-17:30; ;06:40-12:15;13:05-17:30;;;;;;;;49273921;11457785
647180;Reisezentrum Neustadt (b Coburg);Video-Reisezentrum;;Bahnhofstraße 30;96465;Neustadt (b Coburg);;Reisezentrum;07:00-19:00;;;07:30-19:00;;;07:30-19:00;;;07:30-19:00;;;07:30-19:00;;;08:00-15:00;;;09:00-14:00;;;50332894;11122438
647271;Reisezentrum Nördlingen;Video-Reisezentrum;;Bürgerm.-Reiger-Str. 5;86720;Nördlingen;;Reisezentrum;06:45-18:15; ; ;06:45-18:15; ; ;06:45-18:15; ; ;06:45-18:15; ; ;06:45-18:15; ; ;07:30-14:15; ; ;08:00-13:45; ; ;48850088;10496829
502187;Reisezentrum Nürnberg Hbf;;;Bahnhofplatz 9;90443;Nürnberg;;Reisezentrum;07:00-21:00;;;07:00-21:00;;;07:00-21:00;;;07:00-21:00;;;07:00-21:00;;;09:00-19:00;;;10:00-20:00;;;49446622;11081416
502054;Reisezentrum Oberstdorf;;;Bahnhofstr. 1;87561;Oberstdorf;;Reisezentrum;08:00-18:00;; ;08:00-18:00;; ;08:00-18:00;; ;08:00-18:00;; ;08:00-18:00;; ;09:00-14:00; ; ;09:00-14:00; ;;47410533;10277257
502385;Reisezentrum Pfaffenhofen (Ilm);;;Bahnhofstr. 7;85276;Pfaffenhofen/Ilm;;Reisezentrum;06:30-12:00;13:30-17:00;;06:30-12:00;13:30-17:00;;06:30-12:00;13:30-17:00;;06:30-12:00;13:30-17:00;;06:30-12:00;13:30-17:00;;;;;;;;48522378;11511442
647255;Reisezentrum Peißenberg;Video-Reisezentrum;;Bergwerkstr. 2;82380;Peißenberg;;Reisezentrum;06:45-18:15; ; ;06:45-18:15; ; ;06:45-18:15; ; ;06:45-18:15; ; ;06:45-18:15; ; ;07:30-14:15; ; ;08:00-13:45; ; ;47798081;11061235
647602;Reisezentrum Peiting Ost;Video-Reisezentrum;;Bahnhofstr. 33;86971;Peiting;;Reisezentrum;06:45-18:15; ; ;06:45-18:15; ; ;06:45-18:15; ; ;06:45-18:15; ; ;06:45-18:15; ; ;07:30-14:15; ; ;08:00-13:45; ; ;47792624;10938946
648261;Reisezentrum Pfronten Ried;Video-Reisezentrum;;Bahnhofstraße 1;87459;Pfronten;;Reisezentrum;06:45-18:15; ; ;06:45-18:15; ; ;06:45-18:15; ; ;06:45-18:15; ; ;06:45-18:15; ; ;07:30-14:15; ; ;08:00-13:45; ; ;47583006;10560916
502435;Reisezentrum Prien am Chiemsee;;;Bahnhofstr. 2;83209;Prien;;Reisezentrum;06:15-17:45;;;06:15-17:45;;;06:15-17:45;;;06:15-17:45;;;06:15-17:45;;;08:00-13:40;;;09:25-13:30;14:00-16:45;;47855351;12346288
647289;Reisezentrum Reichertshausen;Video-Reisezentrum;;Bahnhofstr. 1;85293;Reichertshausen;;Reisezentrum;06:45-18:15; ; ;06:45-18:15; ; ;06:45-18:15; ; ;06:45-18:15; ; ;06:45-18:15; ; ;07:30-14:15; ; ;08:00-13:45; ; ;48471097;11510048
647297;Reisezentrum Röthenbach (Allgäu);Video-Reisezentrum;;Bahnhofstr. 22;88167;Röthenbach (Allgäu);;Reisezentrum;06:45-18:15; ; ;06:45-18:15; ; ;06:45-18:15; ; ;06:45-18:15; ; ;06:45-18:15; ; ;07:30-14:15; ; ;08:00-13:45; ; ;47620481;9952946
502443;Reisezentrum Rohrbach (Ilm);;;Ladehofstraße 9;85296;Rohrbach;;Reisezentrum;06:30-11:30;;;06:30-11:30;;;06:30-11:30;;;06:30-11:30;;;06:30-11:30;;;;;;;;;48605474;11573764
502450;Reisezentrum Rosenheim;;;Südtiroler Platz 1;83022;Rosenheim;;Reisezentrum;06:00-18:00; ; ;07:00-18:00; ; ;07:00-18:00; ; ;07:00-18:00; ; ;07:00-18:00; ; ;08:00-14:00; ; ;09:00-17:00; ;;47850722;12119014
502302;Reisezentrum Salzburg;;;Südtiroler Platz  1;A-5020;Salzburg;;Reisezentrum;07:20-19:10;;;07:20-19:10;;;07:20-19:10;;;07:20-19:10;;;07:20-19:10;;;07:20-19:10;;;07:20-19:10;;;47583104;12166207
647305;Reisezentrum Schongau;Video-Reisezentrum;;Bahnhofstr. 17;86956;Schongau;;Reisezentrum;06:45-18:15; ; ;06:45-18:15; ; ;06:45-18:15; ; ;06:45-18:15; ; ;06:45-18:15; ; ;07:30-14:15; ; ;08:00-13:45; ; ;47812149;10901811
502674;Reisezentrum Schweinfurt Hbf;;;Hauptbahnhofstr. 11;97424;Schweinfurt;;Reisezentrum;07:30-19:00;;;07:30-19:00;;;07:30-19:00;;;07:30-19:00;;;07:30-19:00;;;07:30-11:00;11:30-14:45;;09:00-14:45;;;50035972;10211880
647321;Reisezentrum Sonthofen;Video-Reisezentrum;;Bahnhofplatz 7;87527;Sonthofen;;Reisezentrum;06:45-18:15; ; ;06:45-18:15; ; ;06:45-18:15; ; ;06:45-18:15; ; ;06:45-18:15; ; ;07:30-14:15; ; ;08:00-13:45; ; ;47513401;10272764
502476;Reisezentrum Starnberg;;;Hans-Zellner-Weg 1;82319;Starnberg;;Reisezentrum;08:00-12:30;13:15-18:00;;08:00-12:30;13:15-18:00;;08:00-12:30;13:15-18:00;;08:00-12:30;13:15-18:00;;08:00-12:30;13:15-18:00;;08:00-12:40;;;;;;48006813;11347804
502484;Reisezentrum Traunstein;;;Bahnhofplatz 6;83278;Traunstein;;Reisezentrum;06:00-18:00; ; ;06:30-18:00; ; ;06:30-18:00; ; ;06:30-18:00; ; ;06:30-18:00; ; ;07:30-13:10; ; ;09:30-12:40;13:10-16:20; ;47868970;12638905
502492;Reisezentrum Tutzing;;;Bahnhofstr. 26;82327;Tutzing;;Reisezentrum;07:00-12:30;13:30-17:40;;07:00-12:30;13:30-17:40;;07:00-12:30;13:30-17:40;;07:00-12:30;13:30-17:40;;07:00-12:30;13:30-17:40;;08:00-12:00;12:30-14:50;;08:00-13:20;;;47907489;11273713
502120;Reisezentrum Weilheim (Oberbayern);;;Bahnhofplatz;82362;Weilheim/ Oberbay.;;Reisezentrum;06:00-18:00;;;06:00-17:30;;;06:00-17:30;;;06:00-17:30;;;06:00-17:30;;;07:30-14:00;;;08:30-14:00;;;47845193;11143864
502500;Reisezentrum Wolfratshausen;;;Bahnhofstr. 41;82515;Wolfratshausen;;Reisezentrum;06:30-18:30; ; ;06:30-18:30; ; ;06:30-18:30; ; ;06:30-18:30; ; ;06:30-18:30;;;;;;;;;47914428;11426647
501908;Reisezentrum Würzburg Hbf;;;Bahnhofplatz 4;97070;Würzburg;;Reisezentrum;07:00-19:00; ; ;07:00-19:00; ; ;07:00-19:00; ; ;07:00-19:00; ; ;07:00-19:00;;;09:00-19:00;;;09:00-19:00;;;49801111;9936577
509174;Reisezentrum Abensberg;Vertriebsservice Ostbayern (VSO);;Bahnhofstr. 25;93326;Abensberg;;Reisezentrum;06:00-17:30;;;06:00-11:50;12:35-15:45;;06:00-11:50;12:35-15:45;;06:00-11:50;12:35-15:45;;06:00-17:30;;;;;;;;;48818968;11846551
501916;Reisezentrum Amberg;Vertriebsservice Ostbayern (VSO);;Kaiser-Ludwig-Ring 7;92224;Amberg;;Reisezentrum;06:55-17:15;;;06:55-12:25;13:15-17:15;;06:55-12:25;13:15-17:15;;06:55-12:25;13:15-17:15;;06:55-17:15;;;06:55-12:00;;;;;;49446487;11863208
509182;Reisezentrum Cham (Oberpf);Vertriebsservice Ostbayern (VSO);;Bahnhofstr. 11;93413;Cham;;Reisezentrum;08:00-12:30;;;08:00-12:30;;;;;;08:00-12:30;;;08:00-12:30;;;08:00-12:30;;;;;;49222853;12655697
509240;Reisezentrum Deggendorf Hbf;Vertriebsservice Ostbayern (VSO);;Bahnhofstr. 100;94469;Deggendorf;;Reisezentrum;06:50-14:00;;;06:50-14:00;;;06:50-14:00;;;06:50-14:00;;;06:50-14:00;;;07:50-12:00;;;;;;48838726;12950156
502344;Reisezentrum Landshut (Bay) Hbf;Vertriebsservice Ostbayern (VSO);;Bahnhofplatz 1;84032;Landshut;;Reisezentrum;06:00-18:00;;;06:00-18:00;;;06:00-18:00;;;06:00-18:00;;;06:00-18:00;;;07:00-14:00;;;10:00-17:30;;;48547116;12138907
507939;Reisezentrum Osterhofen (Nby);Vertriebsservice Ostbayern (VSO);;Ladehofstraße 6;94486;Osterhofen (Nby);;Reisezentrum;06:15-14:30;;;06:15-14:30;;;06:15-14:30;;;06:15-14:30;;;06:15-14:30;;;;;;;;;48696121;13015661
501932;Reisezentrum Passau Hbf;Vertriebsservice Ostbayern (VSO);;Bahnhofstr. 29;94032;Passau;;Reisezentrum;06:30-18:00;;;06:30-18:00;;;06:30-18:00;;;06:30-18:00;;;06:30-18:00;;;08:00-17:00;;;10:00-13:30;;;48574200;13448482
501940;Reisezentrum Plattling;Vertriebsservice Ostbayern (VSO);;Bahnhofplatz 7;94447;Plattling;;Reisezentrum;06:15-12:00;12:35-16:50;;06:15-12:00;12:35-16:50;;06:15-12:00;12:35-16:50;;06:15-12:00;12:35-16:50;;06:15-12:00;12:35-16:50;;08:30-14:00;;;09:30-13:30;;;48779092;12864381
501783;Reisezentrum Regensburg Hbf;Vertriebsservice Ostbayern (VSO);;Bahnhofstr. 18;93047;Regensburg;;Reisezentrum;06:10-18:45;;;06:10-18:45;;;06:10-18:45;;;06:10-18:45;;;06:10-18:45;;;08:00-18:00;;;10:00-16:30;;;49012577;12099498
501957;Reisezentrum Schwandorf;Vertriebsservice Ostbayern (VSO);;Bahnhofplatz 1;92421;Schwandorf;;Reisezentrum;06:30-12:10;12:55-16:50;;06:30-12:10;12:55-16:50;;06:30-12:10;12:55-16:50;;06:30-12:10;12:55-16:50;;06:30-16:50;;;06:45-12:15;;;;;;49326903;12103867
501965;Reisezentrum Straubing;Vertriebsservice Ostbayern (VSO);;Bahnhofplatz 6;94315;Straubing;;Reisezentrum;06:00-17:30;;;06:00-17:30;;;06:00-17:30;;;06:00-17:30;;;06:00-17:30;;;06:00-12:30;;;08:00-14:00;;;48877452;12574488
509257;Reisezentrum Vilshofen (Niederbay);Vertriebsservice Ostbayern (VSO);;Bahnhofstr. 4;94474;Vilshofen;;Reisezentrum;06:05-11:30;12:10-14:45;;06:05-11:30;12:10-14:45;;06:05-11:30;12:10-14:45;;06:05-11:30;12:10-14:45;;06:05-11:30;12:10-14:45;;;;;;;;48629732;13190718
501973;Reisezentrum Weiden (Oberpf);Vertriebsservice Ostbayern (VSO);;Bahnhofstr. 28;92637;Weiden;;Reisezentrum;06:15-18:10;;;06:15-18:10;;;06:15-18:10;;;06:15-18:10;;;06:15-18:10;;;07:25-12:40;;;;;;49670363;12154629
502195;Reisezentrum Ampfing;Südostbayernbahn;;Münchner Straße 29;84539;Ampfing;;Reisezentrum;06:30-11:45;13:00-14:40;;06:30-11:45;13:00-14:40;;06:30-11:45;13:00-14:40;;06:30-11:45;13:00-14:40;;06:30-11:45;13:00-14:40;;;;;;;;48254337;12410138
502237;Reisezentrum Bad Füssing;Südostbayernbahn;;Kurallee 15;94072;Bad Füssing;;Reisezentrum;10:00-16:00;;;10:00-16:00;;;10:00-16:00;;;10:00-16:00;;;09:00-12:30;;;;;;;;;48352877;13316116
502252;Reisezentrum Burghausen;Südostbayernbahn;;Berliner Platz 2;84489;Burghausen;;Reisezentrum;07:30-12:00;13:00-15:30;;07:30-12:00;13:00-15:30;;07:30-12:00;13:00-15:30;;07:30-12:00;13:00-15:30;;07:30-12:00;13:00-15:30;;;;;;;;48174100;12829458
509190;Reisezentrum Eggenfelden;Südostbayernbahn;;Bahnhofstr. 8;84307;Eggenfelden;;Reisezentrum;05:30-12:00;13:00-15:15;15:45-19:00;05:30-12:00;13:00-15:15;15:45-19:00;05:30-12:00;13:00-15:15;15:45-19:00;05:30-12:00;13:00-15:15;15:45-19:00;05:30-12:00;13:00-15:15;15:45-19:00;07:30-12:00;13:00-14:15;14:45-19:00;07:30-12:00;13:00-15:15;15:45-19:00;48403360;12746856
507913;Reisezentrum Laufen;Südostbayernbahn;;Bahnhofstraße 42;83410;Laufen;;Reisezentrum;05:30-08:45;09:15-20:30;;05:30-08:45;09:15-20:30;;05:30-08:45;09:15-20:30;;05:30-08:45;09:15-20:30;;05:30-08:45;09:15-20:30;;06:45-19:45;;;07:15-19:45;;;47934025;12922739
509166;Reisezentrum Miltenberg;Westfrankenbahn;;Berliner Platz 4;63897;Miltenberg;;Reisezentrum;08:30-18:00;;;08:30-18:00;;;08:30-18:00;;;08:30-18:00;;;08:30-18:00;;;09:00-13:00;;;;;;49705906;9248497
502377;Reisezentrum Mühldorf;Südostbayernbahn;;Bahnhofsplatz 6;84453;Mühldorf;;Reisezentrum;06:15-18:00;;;06:15-18:00;;;06:15-18:00;;;06:15-18:00;;;06:15-18:00;;;07:15-13:45;;;12:15-17:45;;;48247820;12519447
509216;Reisezentrum Pfarrkirchen;Südostbayernbahn;;Bahnhofstr. 23;84347;Pfarrkirchen;;Reisezentrum;05:30-11:30;12:30-14:45;15:15-19:30;05:30-11:30;12:30-14:45;15:15-19:30;05:30-11:30;12:30-14:45;15:15-19:30;05:30-11:30;12:30-15:15;15:45-19:30;05:30-11:30;12:30-15:15;15:45-19:30;07:00-11:30;12:30-14:45;15:15-19:30;07:00-11:30;12:30-14:45;15:15-19:30;48429573;12939459
507921;Reisezentrum Pocking;Südostbayernbahn;;Bahnhofstr. 6;94060;Pocking;;Reisezentrum;06:00-10:30;11:15-18:15;;06:00-10:30;11:15-18:15;;06:00-10:30;11:15-18:15;;06:00-10:30;11:15-18:15;;06:00-12:00;12:45-14:30;15:15-18:15;08:15-12:00;12:45-15:30;16:15-18:15;08:15-10:30;11:15-18:15;;48405554;13313303
502468;Reisezentrum Simbach;Südostbayernbahn;;Bahnhofplatz 1;84359;Simbach;;Reisezentrum;05:00-11:50;12:50-15:50; ;05:00-11:50;12:50-15:50; ;05:00-11:50;12:50-15:50; ;05:00-11:50;12:50-15:50; ;05:00-11:50;12:50-15:50; ;06:00-11:50;15:00-20:00; ;06:40-11:50;15:00-20:00; ;48263201;13021773
508374;Reisezentrum Siegsdorf;Südostbayernbahn;;Bahnhofstr. 5;83313;Siegsdorf;;Reisezentrum;05:45-20:00;;;05:45-20:00;;;05:45-20:00;;;05:45-20:00;;;05:45-20:00;;;06:50-20:00;;;06:50-20:00;;;47822289;12645611
509224;Reisezentrum Töging;Südostbayernbahn;;Bahnhofplatz 1;84513;Töging;;Reisezentrum;05:15-14:00;15:00-20:00;;05:15-14:00;15:00-20:00;;05:15-14:00;15:00-20:00;;05:15-14:00;15:00-20:00;;05:15-14:00;15:00-20:00;;06:00-13:30;15:00-20:00;;07:00-14:00;15:00-20:00;;48258589;12594282
507087;Reisezentrum Dingolfing;Vertriebsservice Ostbayern (VSO);;Bahnhofstr. 76;84130;Dingolfing;;Reisezentrum;06:10-11:45;12:15-14:45; ;06:10-11:45;12:15-14:45; ;06:10-11:45;12:15-14:45; ;06:10-11:45;12:15-14:45; ;06:10-11:45;12:15-14:45; ;; ; ;; ; ;48641260;12487778
509232;Reisezentrum Vilsbiburg;Südostbayernbahn;;Bahnhofstr. 6;84137;Vilsbiburg;;Reisezentrum;05:30-11:00;12:40-15:30;;06:30-11:00;12:40-15:30;;06:30-11:00;12:40-15:30;;06:30-11:00;12:40-15:30;;06:30-11:00;12:40-15:30;;;;;;;;48447111;12347780
507095;Reisezentrum Zwiesel;Vertriebsservice Ostbayern (VSO);;Bahnhofsplatz 3;94227;Zwiesel;;Reisezentrum;08:10-15:15;;;08:10-15:15;;;08:10-15:15;;;08:10-15:15;;;08:10-15:15;;;08:10-12:45;;;;;;49020946;13226835
670596;Reisezentrum Penzberg;Video-Reisezentrum;;Philippstr. 32;82377;Penzberg;;Reisezentrum;06:45-18:15; ; ;06:45-18:15; ; ;06:45-18:15; ; ;06:45-18:15; ; ;06:45-18:15; ; ;07:30-14:15; ; ;08:00-13:45; ; ;47749341;11372316
503292;Reisezentrum Aalen;;;Am Bahnhof 1;73430;Aalen;;Reisezentrum;06:45-18:35;;;06:45-18:35;;;06:45-18:35;;;06:45-18:35;;;06:45-18:35;;;07:30-13:00;;;;;;48841890;10095560
503045;Reisezentrum Achern;;;Eisenbahnstr. 40;77855;Achern;;Reisezentrum;08:00-18:00;;;08:00-18:00;;;08:00-18:00;;;08:00-18:00;;;08:00-18:00;;;09:00-14:00;;;;;;48632282;8067088
502898;Reisezentrum Albstadt-Ebingen;;;Poststr. 27;72458;Albstadt-Ebingen;;Reisezentrum;09:10-12:15;13:30-17:50;;09:10-12:15;13:30-17:50;;09:10-12:15;13:30-17:50;;09:10-12:15;13:30-17:50;;09:10-12:15;13:30-17:50;;;;;;;;48210623;9027551
647214;Reisezentrum Allensbach;Video-Reisezentrum;;Konstanzer Straße 14;78476;Allensbach;;Reisezentrum;08:00-18:00;;;08:00-18:00;;;08:00-18:00;;;08:00-18:00;;;08:00-18:00;;;;;;;;;47714679;9068794
503300;Reisezentrum Backnang;;;Bahnhofstr. 15;71522;Backnang;;Reisezentrum;07:00-18:00;;;07:00-18:00;;;07:00-18:00;;;07:00-18:00;;;07:00-18:00;;;08:00-13:00;;;;;;48943199;9426070
503052;Reisezentrum Bad Krozingen;;;Bahnhofstr. 2;79189;Bad Krozingen;;Reisezentrum;08:30-12:45;13:45-18:00;;08:30-12:45;13:45-18:00;;08:30-12:45;13:45-18:00;;08:30-12:45;13:45-18:00;;08:30-12:45;13:45-18:00;;08:30-13:00;;;;;;47919687;7698083
503060;Reisezentrum Bad Säckingen;;;Bahnhofplatz 5;79713;Bad Säckingen;;Reisezentrum;08:00-13:00;14:00-18:00;;08:00-13:00;14:00-18:00;;08:00-13:00;14:00-18:00;;08:00-13:00;14:00-18:00;;08:00-13:00;14:00-18:00;;08:30-13:00;;;;;;47555705;7949134
502872;Reisezentrum Baden-Baden;;;Ooser Bahnhofstr. 4;76532;Baden-Baden;;Reisezentrum;07:00-19:00;;;07:00-19:00;;;07:00-19:00;;;07:00-19:00;;;07:00-19:00;;;08:00-16:00;;;10:00-19:00;;;48789825;8191213
503078;Reisezentrum Basel Bad Bf;;;Schwarzwaldallee 200;CH-4016;Basel;;Reisezentrum;06:50-20:00;;;06:50-20:00;;;06:50-20:00;;;06:50-20:00;;;06:50-20:00;;;07:50-19:00;;;07:50-19:00;;;47567310;7606743
502906;Reisezentrum Biberach (Riß);;;Am Bahnhof 1;88400;Biberach (Riß);;Reisezentrum;07:00-12:00;13:00-18:00;;07:30-12:00;13:00-18:00;;07:30-12:00;13:00-18:00;;07:30-12:00;13:00-18:00;;07:30-12:00;13:00-18:00;;08:00-13:25;;;;;;48102258;9791958
503318;Reisezentrum Bietigheim-Bissingen;;;Bahnhofplatz 1;74321;Bietigheim-Bissingen;;Reisezentrum;07:00-18:30;;;07:00-18:30;;;07:00-18:30;;;07:00-18:30;;;07:00-18:30;;;08:30-13:00;;;;;;48948333;9136598
503326;Reisezentrum Böblingen;;;Bahnhof 1;71034;Böblingen;;Reisezentrum;07:30-18:00;;;07:30-18:00;;;07:30-18:00;;;07:30-18:00;;;07:30-18:00;;;09:00-13:30;;;;;;48687258;9004782
502831;Reisezentrum Bretten;;;Bahnhofstr. 15;75015;Bretten;;Reisezentrum;08:30-12:00;12:45-17:00;;08:30-12:00;12:45-17:00;;08:30-12:00;12:45-17:00;;08:30-12:00;12:45-17:00;;08:30-12:00;12:45-17:00;;;;;;;;49037185;8693299
501650;Reisezentrum Bruchsal;;;Bahnhofplatz 12;76646;Bruchsal;;Reisezentrum;08:00-18:30;;;08:00-18:30;;;08:00-18:30;;;08:00-18:30;;;08:00-18:30;;;09:00-13:00;;;;;;49124340;8590837
507731;Reisezentrum Bühl (Baden);;;Güterstr. 7;77815;Bühl (Baden);;Reisezentrum;09:00-12:15;13:00-17:00;;09:00-12:15;13:00-17:00;;09:00-12:15;13:00-17:00;;09:00-12:15;13:00-17:00;;09:00-12:15;13:00-17:00;;;;;;;;48695195;8128371
502708;Reisezentrum Calw;;;Bischofstr. 10;75365;Calw;;Reisezentrum;08:45-13:00;13:45-16:45;;08:45-13:00;13:45-16:45;;08:45-13:00;13:45-16:45;;08:45-13:00;13:45-16:45;;08:45-13:00;13:45-16:45;;;;;;;;48714423;8741218
503094;Reisezentrum Donaueschingen;;;Bahnhofstr. 3;78166;Donaueschingen;;Reisezentrum;09:00-12:30;14:00-17:45;;09:00-12:30;14:00-17:45;;09:00-12:30;14:00-17:45;;09:00-12:30;14:00-17:45;;09:00-12:30;14:00-17:45;;;;;;;;47948309;8499237
503102;Reisezentrum Emmendingen;;;Bahnhofstr. 7;79312;Emmendingen;;Reisezentrum;08:00-11:45;12:45-17:45;;08:00-11:45;12:45-17:45;;08:00-11:45;12:45-17:45;;08:00-11:45;12:45-17:45;;08:00-11:45;12:45-17:45;;;;;;;;48119346;7848661
645333;Reisezentrum Engen;Video-Reisezentrum;;Bahnhofstr. 7;78234;Engen;;Reisezentrum;08:00-18:00;;;08:00-18:00;;;08:00-18:00;;;08:00-18:00;;;08:00-18:00;;;;;;;;;47856079;8773076
501825;Reisezentrum Esslingen (Neckar);;;Bahnhofplatz 1;73728;Esslingen;;Reisezentrum;07:00-19:00;;;07:00-19:00;;;07:00-19:00;;;07:00-19:00;;;07:00-19:00;;;09:30-15:00;;;10:30-16:00;;;48738900;9301000
503359;Reisezentrum Fellbach;;;Eisenbahnstr. 14;70736;Fellbach;;Reisezentrum;07:00-18:00;;;07:40-13:00;13:45-18:00;;07:40-13:00;13:45-18:00;;07:40-13:00;13:45-18:00;;07:00-18:00;;;;;;;;;48819849;9270170
502682;Reisezentrum Freiburg (Brsg) Hbf;;;Bismarckallee 7c;79098;Freiburg;;Reisezentrum;07:00-20:00;;;07:00-20:00;;;07:00-20:00;;;07:00-20:00;;;07:00-20:00;;;08:30-19:00;;;08:30-20:00;;;47997453;7842252
502690;Reisezentrum Freiburg-Wiehre;;;Türkenlouisstr. 20;79102;Freiburg;;Reisezentrum;08:30-13:00;14:00-18:00;;08:30-13:00;14:00-18:00;;08:30-13:00;14:00-18:00;;08:30-13:00;14:00-18:00;;08:30-13:00;14:00-18:00;;09:00-13:45;;;;;;47983043;7855034
503110;Reisezentrum Freudenstadt Hbf;;;Hauptbahnhof 1;72250;Freudenstadt;;Reisezentrum;08:00-12:00;13:00-18:00;;08:00-12:00;13:00-18:00;;08:00-12:00;13:00-18:00;;08:00-12:00;13:00-18:00;;08:00-12:00;13:00-18:00;;08:00-13:30;;;;;;48460945;8429355
502914;Reisezentrum Friedrichshafen Stadt;Mobilitätszentrale bodo;;Stadtbahnhof 1;88045;Friedrichshafen;;Reisezentrum;08:00-18:30;;;08:00-18:30;;;08:00-18:30;;;08:00-18:30;;;08:00-18:30;;;08:15-16:30;;;12:00-17:00;;;47652851;9473344
501742;Reisezentrum Geislingen (Steige);;;Am Bahnhof 1;73312;Geislingen (Steige);;Reisezentrum;07:45-12:00;13:30-18:00;;07:45-12:00;13:30-18:00;;07:45-12:00;13:30-18:00;;07:45-12:00;13:30-18:00;;07:45-12:00;13:30-18:00;;08:10-13:45;;;;;;48620378;9841396
645242;Reisezentrum Gengenbach;Video-Reisezentrum;;Bahnhofstr. 3;77723;Gengenbach;;Reisezentrum;08:00-18:00;;;08:00-18:00;;;08:00-18:00;;;08:00-18:00;;;08:00-18:00;;;;;;;;;48405275;8009964
502922;Reisezentrum Göppingen;;;Am Bahnhof 1;73033;Göppingen;;Reisezentrum;07:00-18:30;;;07:00-18:30;;;07:00-18:30;;;07:00-18:30;;;07:00-18:30;;;09:00-14:00;;;;;;48700589;9652733
647990;Reisezentrum Göppingen;Video-Reisezentrum;;Am Bahnhof 1;73033;Göppingen;;Reisezentrum;09:15-19:00; ; ;09:15-19:00; ; ;09:15-19:00; ; ;09:15-19:00; ; ;09:15-19:00;;;;;;;;;48700589;9652733
503136;Reisezentrum Hausach;;;Eisenbahnstr. 5;77756;Hausach;;Reisezentrum;09:00-12:00;13:00-17:15;;09:00-12:00;13:00-17:15;;09:00-12:00;13:00-17:15;;09:00-12:00;13:00-17:15;;09:00-12:00;13:00-17:15;;;;;;;;48285233;8184237
501692;Reisezentrum Heidelberg Hbf;;;Willy-Brand-Platz 5;69115;Heidelberg;;Reisezentrum;07:00-20:00;;;07:00-20:00;;;07:00-20:00;;;07:00-20:00;;;07:00-20:00;;;09:00-19:00;;;09:00-19:00;;;49404005;8676448
502930;Reisezentrum Heidenheim (Brenz);;;Bahnhofplatz 1;89518;Heidenheim;;Reisezentrum;08:45-18:00; ; ;08:45-18:00; ; ;08:45-18:00; ; ;08:45-18:00; ; ;08:45-18:00; ; ;08:45-14:20; ; ;; ; ;48680282;10155886
501668;Reisezentrum Heilbronn Hbf;;;Bahnhofstr. 30;74072;Heilbronn;;Reisezentrum;07:30-18:30;;;07:30-18:30;;;07:30-18:30;;;07:30-18:30;;;07:30-18:30;;;08:30-15:00;;;10:00-16:00;;;49142669;9208630
503367;Reisezentrum Herrenberg;;;Bahnhofstr. 14;71083;Herrenberg;;Reisezentrum;06:50-18:00;;;06:50-18:00;;;06:50-18:00;;;06:50-18:00;;;06:50-18:00;;;08:30-13:00;;;;;;48593671;8863471
503144;Reisezentrum Horb;;;Bahnhof 1;72160;Horb;;Reisezentrum;07:00-19:00;;;07:00-19:00;;;07:00-19:00;;;07:00-19:00;;;07:00-19:00;;;09:00-13:30;14:00-16:00;;09:00-13:30;14:15-19:00;;48442095;8689072
646968;Reisezentrum Hornberg;Video-Reisezentrum;;Bahnhofstr. 6;78132;Hornberg;;Reisezentrum;08:00-18:00;;;08:00-18:00;;;08:00-18:00;;;08:00-18:00;;;08:00-18:00;;;;;;;;;48212960;8230280
509141;Reisezentrum Isny;;;Unterer Grabenweg 18;88316;Isny;;Reisezentrum;09:00-12:30;13:45-17:00;;09:00-12:30;13:45-17:00;;;;;09:00-12:30;13:45-18:00;;09:00-12:30;13:45-17:00;;;;;;;;47694813;10040438
502716;Reisezentrum Karlsruhe Hbf;;;Bahnhofplatz 1;76137;Karlsruhe;;Reisezentrum;06:30-21:00;;;06:30-21:00;;;06:30-21:00;;;06:30-21:00;;;06:30-21:00;;;08:00-19:00;;;09:00-20:00;;;48994482;8401507
502724;Reisezentrum Karlsruhe-Durlach;;;Hauptbahnstr. 1;76227;Karlsruhe;;Reisezentrum;08:00-12:30;13:30-18:00;;08:00-12:30;13:30-18:00;;08:00-12:30;13:30-18:00;;08:00-12:30;13:30-18:00;;08:00-12:30;13:30-18:00;;09:00-13:00;;;;;;49001458;8462193
502740;Reisezentrum Kehl;;;Bahnhofsplatz 1;77694;Kehl;;Reisezentrum;08:00-18:30;;;08:00-18:30;;;08:00-18:30;;;08:00-18:30;;;08:00-18:30;;;08:30-16:30;;;;;;48569900;7874520
507715;Reisezentrum Kirchheim (Teck);;;Eugen-Gerstenmaier-Platz 1;73230;Kirchheim (Teck); ;Reisezentrum;09:00-12:30;13:10-17:05;;09:00-12:30;13:10-17:05;;09:00-12:30;13:10-17:05;;09:00-12:30;13:10-17:05;;09:00-12:30;13:10-17:05;;;;;;;;48644652;9444007
502948;Reisezentrum Konstanz;Mobilitätszentrale;;Bahnhofplatz 43;78462;Konstanz;;Reisezentrum;07:00-20:00;;;07:00-20:00;;;07:00-20:00;;;07:00-20:00;;;07:00-20:00;;;09:00-19:00;;;09:00-19:00;;;47659144;9176952
507723;Reisezentrum Korntal;;;Bahnhofsplatz 1;70825;Korntal; ;Reisezentrum;09:00-12:00;13:00-17:25;;09:00-12:00;13:00-17:25;;09:00-12:00;13:00-17:25;;09:00-12:00;13:00-17:25;;09:00-12:00;13:00-17:25;;;;;;;;48826605;9120972
501718;Reisezentrum Kornwestheim Pbf;;;Bahnhofplatz 2;70806;Kornwestheim;;Reisezentrum;07:00-18:30;;;08:00-18:30;;;08:00-18:30;;;08:00-18:30;;;08:00-18:30;;;09:00-13:00;;;;;;48862434;9180703
503169;Reisezentrum Lahr (Schwarzwald);;;Bahnhofplatz 1;77933;Lahr;;Reisezentrum;08:00-18:00;;;08:00-18:00;;;08:00-18:00;;;08:00-18:00;;;08:00-18:00;;;09:00-13:00;;;;;;48340103;7835717
501684;Reisezentrum Lauffen (Neckar);;;Bahnhofstr. 50;74348;Lauffen;;Reisezentrum;08:30-12:00;13:00-17:00;;08:30-12:00;13:00-17:00;;08:30-12:00;13:00-17:00;;08:30-12:00;13:00-17:00;;08:30-12:00;13:00-17:00;;;;;;;;49076095;9146991
503383;Reisezentrum Leonberg;;;Bahnhofstr. 78;71229;Leonberg;;Reisezentrum;07:00-18:30;;;07:00-18:30;;;07:00-18:30;;;07:00-18:30;;;07:00-18:30;;;08:00-13:00;;;;;;48798391;9001510
502047;Reisezentrum Lindau Hbf;;;Bahnhof 1 c;88131;Lindau;;Reisezentrum;07:30-18:15; ; ;07:30-18:15; ; ;07:30-18:15; ; ;07:30-18:15; ; ;07:30-18:15; ; ;08:00-15:00; ; ;10:00-15:00; ; ;47544621;9681391
647388;Reisezentrum Leutkirch (Allgäu);Video-Reisezentrum;;Bahnhof 2;88299;Leutkirch;;Reisezentrum;06:45-18:15; ; ;06:45-18:15; ; ;06:45-18:15; ; ;06:45-18:15; ; ;06:45-18:15; ; ;07:30-14:15; ; ;08:00-13:45; ;;47826208;10016464
503177;Reisezentrum Lörrach;;;Bahnhofstr. 1;79539;Lörrach;;Reisezentrum;08:30-18:30;;;08:30-18:30;;;08:30-18:30;;;08:30-18:30;;;08:30-18:30;;;08:30-14:00;;;;;;47612588;7664086
501700;Reisezentrum Ludwigsburg;;;Bahnhofstr. 12;71638;Ludwigsburg;;Reisezentrum;06:30-18:30;;;06:30-18:30;;;06:30-18:30;;;06:30-18:30;;;06:30-18:30;;;08:30-15:00;;;10:00-15:00;;;48892526;9185851
501890;Reisezentrum Mannheim Hbf;;;Willy-Brandt-Platz 17;68161;Mannheim;;Reisezentrum;06:00-21:00;;;06:00-21:00;;;06:00-21:00;;;06:00-21:00;;;06:00-21:00;;;08:00-20:30;;;08:00-20:30;;;49480241;8469402
503391;Reisezentrum Marbach (Neckar);;;Bahnhof 1;71672;Marbach (Neckar);;Reisezentrum;07:45-13:00;14:00-18:00;;09:00-13:00;14:00-18:00;;09:00-13:00;14:00-18:00;;09:00-13:00;14:00-18:00;;09:00-13:00;14:00-18:00;;;;;;;;48943540;9265217
503185;Reisezentrum Müllheim (Baden);;;Bahnhofstr. 1;79379;Müllheim;;Reisezentrum;08:30-13:00;14:00-18:00;;08:30-13:00;14:00-18:00;;08:30-13:00;14:00-18:00;;08:30-13:00;14:00-18:00;;08:30-13:00;14:00-18:00;;08:30-13:00;;;;;;47809641;7600100
501676;Reisezentrum Neckarsulm;;;Bahnhofplatz 1;74172;Neckarsulm;;Reisezentrum;08:30-13:00;14:10-17:00;;08:30-13:00;14:10-17:00;;08:30-13:00;14:10-17:00;;08:30-13:00;14:10-17:00;;08:30-13:00;14:10-17:00;;;;;;;;49188595;9220109
501833;Reisezentrum Nürtingen;;;Bahnhofstr. 8;72622;Nürtingen;;Reisezentrum;07:00-18:00;;;07:00-18:00;;;07:00-18:00;;;07:00-18:00;;;07:00-18:00;;;08:45-13:45;;;;;;48627030;9341931
647198;Reisezentrum Oberkirch;Video-Reisezentrum;;Eisenbahnstr. 4;77704;Oberkirch;;Reisezentrum;08:00-18:00;;;08:00-18:00;;;08:00-18:00;;;08:00-18:00;;;08:00-18:00;;;;;;;;;48529120;8077670
502732;Reisezentrum Offenburg;;;Hauptstr. 1;77652;Offenburg;;Reisezentrum;07:00-20:00;;;07:00-20:00;;;07:00-20:00;;;07:00-20:00;;;07:00-20:00;;;08:00-18:00;;;09:00-20:00;;;48476191;7945439
502880;Reisezentrum Pforzheim Hbf;;;Bahnhofplatz 1;75175;Pforzheim;;Reisezentrum;07:00-19:00;;;07:00-19:00;;;07:00-19:00;;;07:00-19:00;;;07:00-19:00;;;08:00-17:00;;;09:00-18:00;;;48893309;8702277
501841;Reisezentrum Plochingen;;;Im Bahnhofsgebäude 1;73207;Plochingen;;Reisezentrum;07:00-18:00;;;07:00-18:00;;;07:00-18:00;;;07:00-18:00;;;07:00-18:00;;;08:25-14:00;;;;;;48713542;9411876
507830;Reisezentrum Radolfzell;;;Bahnhofplatz 2;78315;Radolfzell;;Reisezentrum;06:45-18:45;;;06:45-18:45;;;06:45-18:45;;;06:45-18:45;;;06:45-18:45;;;07:45-15:30;;;;;;47736229;8968861
502815;Reisezentrum Rastatt;;;Bahnhofstr. 56;76437;Rastatt;;Reisezentrum;07:30-18:00;;;07:30-18:00;;;07:30-18:00;;;07:30-18:00;;;07:30-18:00;;;09:00-14:00;;;09:30-13:30;14:00-17:00;;48861127;8214783
502971;Reisezentrum Ravensburg;Mobilitätszentrale bodo;;Bahnhofplatz 5;88214;Ravensburg;;Reisezentrum;07:30-18:30;;;07:30-18:30;;;07:30-18:30;;;07:30-18:30;;;07:30-18:30;;;08:30-14:00;;;11:30-16:30;;;47784273;9606690
502989;Reisezentrum Reutlingen Hbf;;;Bahnhofstr. 3;72764;Reutlingen;;Reisezentrum;06:30-19:00;;;06:30-19:00;;;06:30-19:00;;;06:30-19:00;;;06:30-19:00;;;08:30-14:05;;;;;;48495590;9209439
503201;Reisezentrum Rheinfelden (Baden);;;Bahnhofplatz 4;79618;Rheinfelden;;Reisezentrum;08:30-13:00;14:00-18:30;;08:30-13:00;14:00-18:30;;08:30-13:00;14:00-18:30;;08:30-13:00;14:00-18:30;;08:30-13:00;14:00-18:30;;08:30-12:30;;;;;;47556720;7784649
647883;Reisezentrum Riedlingen;Video-Reisezentrum;;Bahnhof 1;88499;Riedlingen;;Reisezentrum;06:45-18:15; ; ;06:45-18:15; ; ;06:45-18:15; ; ;06:45-18:15; ; ;06:45-18:15; ; ;07:30-14:15; ; ;08:00-13:45; ;;48150021;9485031
503219;Reisezentrum Rottweil;;;Bahnhof 1;78628;Rottweil;;Reisezentrum;08:30-13:15;14:15-18:10;;08:30-13:15;14:15-18:10;;08:30-13:15;14:15-18:10;;08:30-13:15;14:15-18:10;;08:30-13:15;14:15-18:10;;08:30-13:15;;;;;;48165096;8639364
647396;Reisezentrum Salem;Video-Reisezentrum;;Bahnhofstr. 128;88682;Salem;;Reisezentrum;08:00-18:00;;;08:00-18:00;;;08:00-18:00;;;08:00-18:00;;;08:00-18:00;;;;;;;;;47757976;9297052
645275;Reisezentrum Sankt Georgen (Schwarzwald);Video-Reisezentrum;;Bahnhofstr. 1;78112;St. Georgen;;Reisezentrum;08:00-18:00;;;08:00-18:00;;;08:00-18:00;;;08:00-18:00;;;08:00-18:00;;;;;;;;;48124749;8341279
503235;Reisezentrum Schopfheim;;;Bahnhofstr. 9;79650;Schopfheim;;Reisezentrum;08:40-13:00;14:00-18:00;;08:40-13:00;14:00-18:00;;08:40-13:00;14:00-16:00;;08:40-13:00;14:00-18:00;;08:40-13:00;14:00-18:00;;09:00-13:00;;;;;;47647907;7821523
503441;Reisezentrum Schorndorf;;;Rosenstr. 2;73614;Schorndorf;;Reisezentrum;06:10-18:00;;;07:10-18:00;;;07:10-18:00;;;07:10-18:00;;;07:10-18:00;;;08:00-13:00;;;;;;48807000;9526640
503417;Reisezentrum Schwäbisch Hall-Hessental;;;Karl-Kurz-Str. 1;74523;Schwäbisch Hall;;Reisezentrum;07:45-12:00;13:00-18:00;;07:45-12:00;13:00-18:00;;07:45-12:00;13:00-18:00;;07:45-12:00;13:00-18:00;;07:45-12:00;13:00-18:00;;07:45-13:15;;;;;;49096700;9766240
502823;Reisezentrum Schwetzingen;;;Bahnhofsanlage 1;68723;Schwetzingen;;Reisezentrum;08:00-12:00;13:00-17:00;;08:00-12:00;13:00-17:00;;08:00-12:00;13:00-17:00;;08:00-12:00;13:00-17:00;;08:00-12:00;13:00-17:00;;;;;;;;49384686;8577812
509893;Reisezentrum Sigmaringen;;;Bahnhofstraße 7;72488;Sigmaringen;;Reisezentrum;08:50-12:30;13:45-17:30;;08:50-12:30;13:45-17:30;;08:50-12:30;13:45-17:30;;08:50-12:30;13:45-17:30;;08:50-12:30;13:45-17:30;;;;;;;;48085834;9223939
502997;Reisezentrum Singen (Hohentwiel);;;Bahnhofstr. 2;78224;Singen;;Reisezentrum;07:00-19:00;;;07:00-19:00;;;07:00-19:00;;;07:00-19:00;;;07:00-19:00;;;08:00-16:00;;;09:30-18:30;;;47758951;8840090
502765;Reisezentrum Sinsheim (Elsenz);;;Friedrichstr. 25;74889;Sinsheim;;Reisezentrum;08:30-12:30;13:45-17:10;;08:30-12:30;13:45-17:10;;08:30-12:30;13:45-17:10;;08:30-12:30;13:45-17:10;;08:30-12:30;13:45-17:10;;;;;;;;49250521;8875716
501858;Reisezentrum Stuttgart Hbf;;;Arnulf-Klett-Platz 2;70173;Stuttgart;;Reisezentrum;06:00-22:00;;;06:00-22:00;;;06:00-22:00;;;06:00-22:00;;;06:00-22:00;;;07:00-22:00;;;07:00-22:00;;;48783433;9181240
501866;Reisezentrum Stuttgart-Bad Cannstatt;;;Bahnhofstr. 30;70372;Stuttgart;;Reisezentrum;07:00-18:30;;;07:00-18:30;;;07:00-18:30;;;07:00-18:30;;;07:00-18:30;;;08:30-14:00;;;;;;48801915;9218321
501874;Reisezentrum Stuttgart-Universität;am S-Bahn-Aufgang;;Pfaffenwaldring;70569;Stuttgart;;Reisezentrum;08:00-11:20;11:50-16:00;;08:00-11:20;11:50-16:00;;08:00-11:20;11:50-16:00;;08:00-11:20;11:50-16:00;;08:00-11:20;11:50-16:00;;;;;;;;48744633;9103086
501882;Reisezentrum Stuttgart-Vaihingen;;;Vollmöllerstr. 1;70563;Stuttgart;;Reisezentrum;08:00-18:00;;;08:00-18:00;;;08:00-18:00;;;08:00-18:00;;;08:00-18:00;;;;;;;;;48726554;9112658
501726;Reisezentrum Stuttgart-Zuffenhausen;;;Bahnhof 2;70435;Stuttgart;;Reisezentrum;07:00-12:00;13:00-18:00;;07:25-12:00;13:00-18:00;;07:25-12:00;13:00-18:00;;07:25-12:00;13:00-18:00;;07:25-12:00;13:00-18:00;;;;;;;;48829511;9166681
645259;Reisezentrum Triberg;Video-Reisezentrum;;Bahnhofstr. 1;78098;Triberg;;Reisezentrum;08:00-18:00;;;08:00-18:00;;;08:00-18:00;;;08:00-18:00;;;08:00-18:00;;;;;;;;;48139788;8237543
503011;Reisezentrum Tübingen Hbf;;;Europaplatz 17;72072;Tübingen;;Reisezentrum;07:00-19:00;;;07:00-19:00;;;07:00-19:00;;;07:00-19:00;;;07:00-19:00;;;08:00-17:00;;;09:00-18:00;;;48516094;9054852
503003;Reisezentrum Tuttlingen;;;Bahnhofplatz 1;78532;Tuttlingen;;Reisezentrum;08:00-12:00;13:00-16:30; ;08:00-12:00;13:00-16:30; ;08:00-12:00;13:00-16:30; ;08:00-12:00;13:00-16:30; ;08:00-12:00;13:00-16:30; ;; ; ;; ; ;47980486;8799567
503029;Reisezentrum Überlingen;;;Wiestorstraße 8;88662;Überlingen;;Reisezentrum;08:00-12:00;13:00-18:00; ;08:00-12:00;13:00-18:00; ;08:00-12:00;13:00-18:00; ;08:00-12:00;13:00-18:00; ;08:00-12:00;13:00-18:00;;;;;;;;47769198;9162767
501734;Reisezentrum Ulm Hbf;;;Bahnhofplatz 1;89073;Ulm;;Reisezentrum;07:00-20:00;;;07:00-20:00;;;07:00-20:00;;;07:00-20:00;;;07:00-20:00;;;08:00-20:00;;;09:00-19:00;;;48398965;9983878
503268;Reisezentrum Villingen (Schwarzwald);;;Bahnhofstr. 5;78048;Villingen-Schwenningen;;Reisezentrum;07:00-19:00;;;07:00-19:00;;;07:00-19:00;;;07:00-19:00;;;07:00-19:00;;;07:15-13:00;13:45-16:00;;09:15-13:00;13:45-18:00;;48057833;8464566
502849;Reisezentrum Waghäusel;;;Weinbrennerstr. 9;68753;Waghäusel;;Reisezentrum;09:00-12:30;13:15-17:00;;09:00-12:30;13:15-17:00;;09:00-12:30;13:15-17:00;;09:00-12:30;13:15-17:00;;09:00-12:30;13:15-17:00;;;;;;;;49247546;8508308
503466;Reisezentrum Waiblingen;;;Bahnhof 1;71332;Waiblingen;;Reisezentrum;07:00-18:15;;;07:00-18:15;;;07:00-18:15;;;07:00-18:15;;;07:00-18:15;;;08:45-13:00;;;;;;48826421;9301038
503276;Reisezentrum Waldshut;;;Eisenbahnstr. 6;79761;Waldshut-Tiengen;;Reisezentrum;08:30-12:30;13:30-18:00;;08:30-12:30;13:30-18:00;;08:30-12:30;13:30-18:00;;08:30-12:30;13:30-18:00;;08:30-12:30;13:30-18:00;;08:30-13:00;;;;;;47619357;8220365
503037;Reisezentrum Wangen (Allgäu);;;Bahnhofstr. 39;88239;Wangen;;Reisezentrum;09:00-12:45;13:45-17:25;;09:00-12:45;13:45-17:25;;09:00-12:45;13:45-17:25;;09:00-12:45;13:45-17:25;;09:00-12:45;13:45-17:25;;;;;;;;47689509;9831789
503284;Reisezentrum Weil am Rhein;;;Rathausplatz 3;79576;Weil am Rhein;;Reisezentrum;09:00-13:00;14:30-18:00;;09:00-13:00;14:30-18:00;;09:00-13:00;14:30-18:00;;09:00-13:00;14:30-18:00;;09:00-13:00;14:30-18:00;;;;;;;;47593163;7610789
502856;Reisezentrum Weinheim (Bergstr);;;Am Hauptbahnhof 1;69469;Weinheim;;Reisezentrum;08:00-18:00;;;08:00-18:00;;;08:00-18:00;;;08:00-18:00;;;08:00-18:00;;;09:00-13:30;;;;;;49553600;8666030
502864;Reisezentrum Wiesloch-Walldorf;;;Staatsbahnhofstr. 14;69168;Wiesloch;;Reisezentrum;08:00-12:30;13:30-16:30;;08:00-12:30;13:30-16:30;;08:00-12:30;13:30-16:30;;08:00-12:30;13:30-16:30;;08:00-12:30;13:30-16:30;;;;;;;;49291400;8664380
503474;Reisezentrum Winnenden;;;Bahnhofstr. 4;71364;Winnenden;;Reisezentrum;08:00-13:00;14:00-18:00;;08:00-13:00;14:00-18:00;;08:00-13:00;14:00-18:00;;08:00-13:00;14:00-18:00;;08:00-13:00;14:00-18:00;;;;;;;;48878566;9392361
507806;Reisezentrum Wertheim;Westfrankenbahn;;Bahnhofstraße 8;97877;Wertheim;;Reisezentrum;08:30-12:00;13:00-17:00; ;08:30-12:00;13:00-17:00; ;08:30-12:00;13:00-17:00; ;08:30-12:00;13:00-17:00; ;08:30-12:00;13:00-17:00; ;; ; ;; ; ;49761963;9512812
509851;Reisezentrum Bad Mergentheim;Westfrankenbahn;;Bahnhofsplatz 9;97980;Bad Mergentheim;;Reisezentrum;08:00-18:00; ; ;08:00-18:00; ; ;08:00-18:00; ; ;08:00-18:00; ; ;08:00-18:00; ; ;08:00-12:30; ; ;; ; ;49493510;9771711
509869;Reisezentrum Lauda-Königshofen;Westfrankenbahn;;Bahnhofstr. 23;97922;Lauda-Königshofen;;Reisezentrum;08:30-12:00;13:00-17:00; ;08:30-12:00;13:00-17:00; ;08:30-12:00;13:00-17:00; ;08:30-12:00;13:00-17:00; ;08:30-12:00;13:00-17:00; ;; ; ;; ; ;49565250;9709298
504639;Reisezentrum Andernach;;;Kurfürstendamm 1;56626;Andernach;;Reisezentrum;06:00-15:00;15:45-20:00;;07:00-12:45;13:45-17:00;;06:00-15:00;15:45-19:30;;07:00-12:45;13:45-17:00;;07:00-12:45;13:45-17:00;;09:30-15:00;;;09:30-15:00;;;50435183;7402437
305086;Reisezentrum Bad Dürkheim;;;Mannheimer Straße 14 / Im Bahnhof;67098;Bad Dürkheim;;Reisezentrum;07:00-12:30;13:00-17:00;;08:00-12:30;13:00-17:00;;08:00-12:30;13:00-18:00;;08:00-12:30;13:00-18:00;;08:00-12:30;13:00-17:00;;07:30-12:30;13:00-15:00;;10:00-15:00;;;49460834;8170365
504399;Reisezentrum Bad Hersfeld;;;Bahnhofstr. 20;36251;Bad Hersfeld;;Reisezentrum;08:00-16:30;;;08:00-12:00;12:45-16:30;;08:00-12:00;12:45-16:30;;08:00-12:00;12:45-16:30;;08:00-13:30;;;;;;;;;50870468;9714579
504324;Reisezentrum Bad Homburg;;;Am Bahnhof;61352;Bad Homburg;;Reisezentrum;09:50-13:30;14:15-18:00;;09:50-13:30;14:15-18:00;;09:50-13:30;14:15-18:00;;09:50-13:30;14:15-18:00;;09:50-13:30;14:15-18:00;;;;;;;;50221042;8621554
504472;Reisezentrum Bad Kreuznach;;;Europaplatz 1;55543;Bad Kreuznach;;Reisezentrum;06:00-20:00;;;07:00-20:00;;;07:00-20:00;;;07:00-20:00;;;07:00-20:00;;;08:00-13:00;14:00-16:30;;08:00-13:00;14:00-16:30;;49842857;7864123
504571;Reisezentrum Bad Nauheim;;;Bahnhofsallee;61231;Bad Nauheim;;Reisezentrum;07:00-12:00;15:00-19:00;;07:00-12:00;15:00-19:00;;07:00-12:00;15:00-19:00;;07:00-12:00;15:00-19:00;;07:00-12:00;15:00-19:00;;09:00-14:00;;;;;;50367566;8746108
504175;Reisezentrum Bad Neuenahr;;;Hauptstraße 58;53474;Bad Neuenahr;;Reisezentrum;07:00-12:45;13:45-17:00;;06:00-15:00;15:45-20:00;;07:00-12:45;13:45-17:00;;06:00-15:00;15:45-19:30;;07:00-12:45;13:45-17:00;;09:30-15:00;;;09:30-15:00;;;50547243;7144123
505446;Reisezentrum Bad Wildungen;;;Bahnhofsplatz 1;34537;Bad Wildungen;;Reisezentrum;08:40-11:45;12:45-17:10;;08:40-11:45;12:45-17:10;;08:40-11:45;12:45-17:10;;08:40-11:45;12:45-17:10;;08:40-11:45;12:45-17:10;;;;;;;;51121006;9133993
504514;Reisezentrum Bensheim;;;Amershamplatz;64625;Bensheim;;Reisezentrum;07:00-18:00;;;07:00-18:00;;;07:00-18:00;;;07:00-18:00;;;07:00-18:00;;;10:00-15:15;;;10:00-15:15;;;49681105;8617652
504258;Reisezentrum Betzdorf (Sieg);;;Bahnhofstraße;57518;Betzdorf (Sieg);;Reisezentrum;06:00-10:30;11:30-15:30;;08:00-12:30;13:30-17:30;;8:00-12:30;13:30-17:30;;09:30-12:30;13:30-19:00;;8:00-12:30;13:30-17:30;;8:30-12:30;;;;;;50789300;7871120
504456;Reisezentrum Bingen (Rhein) Hbf;;;Hauptbahnhof ;55411;Bingen (Rhein);;Reisezentrum;07:00-12:30;13:30-17:00;;07:00-12:30;13:30-17:00;;07:00-12:30;13:30-17:00;;06:00-15:00;15:30-20:00;;07:00-12:30;13:30-17:00;;09:45-15:00;;;09:45-15:00;;;49969129;7902956
504613;Reisezentrum Cochem (Mosel);;;Bahnhofsplatz 1;56812;Cochem(Mosel);;Reisezentrum;06:00-11:00;12:00-16:00;;08:00-13:00;14:00-16:00;;08:00-13:00;14:00-16:00;;09:00-13:00;14:00-19:00;;08:00-13:00;14:00-16:00;;08:00-12:00;;;;;;50152931;7167486
503722;Reisezentrum Darmstadt Hbf;;;Am Hauptbahnhof 20;64293;Darmstadt;;Reisezentrum;06:30-19:00;;;06:30-19:00;;;06:30-19:00;;;06:30-19:00;;;06:30-19:00;;;09:00-16:00;;;geschlossen;;;49872297;8631253
510446;Reisezentrum Dillingen (Saar);;;Berckheimstraße 1;66763;Dillingen (Saar);;Reisezentrum;06:00-10:30;11:30-16:00;;09:30-13:30;14:30-19:00;;08:30-12:30;13:30-16:00;;08:30-12:30;13:30-16:00;;08:30-12:30;13:30-16:00;;08:00-12:00;;;;;;49351003;6724614
503623;Reisezentrum Frankenthal;;;Eisenbahnstraße 3;67227;Frankenthal;;Reisezentrum;07:00-19:00;;;07:00-19:00;;;07:00-19:00;;;07:00-19:00;;;07:00-19:00;;;07:30-11:30;12:00-16:00;;09:30-15:00;;;49536109;8350421
508366;Reisezentrum Frankfurt (M) Flughafen Fernbahnhof;;;The Squaire, Am Flughafen;60549;Frankfurt am Main;;Reisezentrum;06:00-21:00;;;06:00-21:00;;;06:00-21:00;;;06:00-21:00;;;06:00-21:00;;;06:00-21:00;;;06:00-21:00;;;50052978;8569572
503557;Reisezentrum Frankfurt (M) Flughafen Regiobahnhof;;;Hugo-Eckener-Ring 1, T1 E0;60549;Frankfurt am Main;;Reisezentrum;06:00-21:00;;;06:00-21:00;;;06:00-21:00;;;06:00-21:00;;;06:00-21:00;;;06:00-21:00;;;06:00-21:00;;;50051610;8581300
503656;Reisezentrum Frankfurt (Main) Hbf;;;Im Hauptbahnhof ;60329;Frankfurt am Main;;Reisezentrum;06:00-22:00;;;06:00-22:00;;;06:00-22:00;;;06:00-22:00;;;06:00-22:00;;;07:00-20:00;;;08:00-21:00;;;50107652;8664450
503672;Reisezentrum Frankfurt (Main) Süd;;;Diesterwegplatz;60594;Frankfurt am Main;;Reisezentrum;07:00-19:00;;;07:00-19:00;;;07:00-19:00;;;07:00-19:00;;;07:00-19:00;;;09:00-14:00;;;;;;50100101;8685305
503664;Reisezentrum Frankfurt-Galluswarte;;;Mainzer Landstraße 232;60327;Frankfurt am Main;;Reisezentrum;07:00-11:30;14:30-19:00;;07:00-11:30;14:30-19:00;;07:00-11:30;14:30-19:00;;07:00-11:30;14:30-19:00;;07:00-11:30;14:30-19:00;;09:00-14:00;;;;;;50103613;8644998
503565;Reisezentrum Frankfurt-Höchst;;;Bahnhof Höchst 1;65929;Frankfurt-Höchst;;Reisezentrum;07:00-19:00;;;07:00-19:00;;;07:00-19:00;;;07:00-19:00;;;07:00-19:00;;;09:00-14:00;;;;;;50102025;8543761
506402;Reisezentrum Frankfurt-Rödelheim;;;Baruch-Baschwitz-Platz 1;60489;Frankfurt am Main;;Reisezentrum;06:30-11:30;15:00-19:00;;06:30-11:30;15:00-19:00;;06:30-11:30;15:00-19:00;;06:30-11:30;15:00-19:00;;06:30-11:30;15:00-19:00;;09:00-14:00;;;;;;50124588;8607728
504589;Reisezentrum Friedberg (Hess);;;Hanauerstr. 44;61169;Friedberg;;Reisezentrum;07:00-19:00;;;07:00-19:00;;;07:00-19:00;;;07:00-19:00;;;07:00-19:00;;;09:00-14:00;;;;;;50332796;8760023
504381;Reisezentrum Fulda;;;Am Bahnhof 3;36037;Fulda;;Reisezentrum;07:00-19:00;;;07:00-19:00;;;07:00-19:00;;;07:00-19:00;;;07:00-19:00;;;09:00-14:30;;;;;;50554484;9683921
505503;Reisezentrum Gerolstein;;;Bahnhofstraße;54568;Gerolstein;;Reisezentrum;06:00-15:00;15:30-20:00;;07:00-12:30;13:30-17:00;;07:00-12:30;13:30-17:00;;07:00-12:30;13:30-17:00;;07:00-12:30;13:30-17:00;;07:00-12:30;13:30-15:00;;10:00-15:00;;;50223334;6661087
504605;Reisezentrum Gießen;;;Bahnhofstrasse 102;35390;Gießen;;Reisezentrum;07:00-19:00;;;07:00-19:00;;;07:00-19:00;;;07:00-19:00;;;07:00-19:00;;;09:00-14:00;;;;;;50580044;8663246
509968;Reisezentrum Grünstadt;;;Friedrich-Ebert-Str. 2;67269;Grünstadt;;Reisezentrum;08:00-12:30;13:30-17:00;;08:00-12:30;13:30-17:00;;08:00-12:30;13:30-17:00;;08:00-12:30;13:30-17:00;;08:00-12:30;13:30-17:00;;10:00-15:30;;;;;;49562925;8167477
504373;Reisezentrum Hanau Hbf;;;Am Hauptbahnhof 14a;63450;Hanau;;Reisezentrum;07:00-19:00;;;07:00-19:00;;;07:00-19:00;;;07:00-19:00;;;07:00-19:00;;;09:30-14:30;;;;;;50121864;8929893
504712;Reisezentrum Homburg (Saar) Hbf;;;Bahnhofsplatz 5;66424;Homburg;;Reisezentrum;06:00-18:00;;;08:30-18:00;;;08:30-18:00;;;08:30-20:00;;;08:30-18:00;;;08:30-14:00;;;10:00-15:00;;;49327335;7337831
504423;Reisezentrum Idar-Oberstein;;;Bahnhofstraße 20;55743;Idar-Oberstein;;Reisezentrum;07:00-11:00;12:00-17:00;;08:00-13:30;14:30-18:00;;08:00-13:30;14:30-18:00;;10:00-13:30;14:30-20:00;;08:00-13:30;14:30-18:00;;08:00-13:30;14:30-17:30;;09:00-13:30;14:00-16:00;;49699920;7321776
504431;Reisezentrum Ingelheim;;;Bahnhofstraße;55218;Ingelheim;;Reisezentrum;06:00-15:00;15:30-20:00;;07:30-12:30;13:30-17:30;;07:30-12:30;13:30-17:30;;07:30-12:30;13:30-17:30;;07:30-12:30;13:30-17:30;;09:45-15:00;;;09:45-15:00;;;49976024;8053424
503631;Reisezentrum Kaiserslautern;;;Bahnhofstr. 1;67655;Kaiserslautern;;Reisezentrum;07:00-19:00;;;07:00-19:00;;;07:00-19:00;;;07:00-19:00;;;07:00-19:00;;;08:00-18:00;;;08:00-18:00;;;49436473;7768945
504555;Reisezentrum Kassel Hbf;;;Rainer-Dierichs-Platz 1;34117;Kassel;;Reisezentrum;08:00-17:00;;;08:00-12:00;12:45-17:00;;08:00-12:00;12:45-17:00;;08:00-12:00;12:45-17:00;;08:00-17:00;;;;;;;;;51318796;9490181
503649;Reisezentrum Kassel-Wilhelmshöhe;;;Willy Brandt Platz 1;34131;Kassel;;Reisezentrum;07:00-19:30;;;07:00-19:30;;;07:00-19:30;;;07:00-19:30;;;07:00-19:30;;;09:15-17:45;;;09:15-17:45;;;51313169;9447078
504654;Reisezentrum Koblenz Hbf;;;Bahnhofplatz 2;56068;Koblenz;;Reisezentrum;06:00-20:00;;;06:00-20:00;;;07:00-19:00;;;07:00-19:00;;;07:00-20:00;;;08:00-17:00;;;09:00-17:30;;;50350811;7589610
505453;Reisezentrum Korbach;;;Arolser Landstr. 21C;34497;Korbach;;Reisezentrum;07:45-12:15;13:00-17:45;;07:45-12:15;13:00-17:45;;07:45-12:15;13:00-17:45;;07:45-12:15;13:00-17:45;;07:45-12:15;13:00-17:45;;;;;;;;51278282;8873018
504316;Reisezentrum Kronberg (Taunus);;;Bahnhofstraße 36;61476;Kronberg;;Reisezentrum;07:00-10:00;15:00-19:00;;07:00-10:00;15:00-19:00;;07:00-10:00;15:00-19:00;;07:00-10:00;15:00-19:00;;07:00-10:00;15:00-19:00;;09:00-14:00;;;;;;50179233;8518771
504498;Reisezentrum Landau (Pfalz) Hbf;;;Maximilianstraße 11;76829;Landau(Pfalz);;Reisezentrum;07:30-19:00;;;07:30-19:00;;;07:30-19:00;;;07:30-19:00;;;07:30-19:00;;;07:30-15:30;;;10:00-15:30;;;49197971;8125169
504274;Reisezentrum Limburg (Stadt);;;Bahnhofsplatz 1;65549;Limburg;;Reisezentrum;07:00-12:30;13:30-19:00;;07:00-12:30;13:30-19:00;;07:00-12:30;13:30-19:00;;07:00-12:30;13:30-19:00;;07:00-12:30;13:30-19:00;;09:00-14:00;;;;;;50384988;8062137
503615;Reisezentrum Ludwigshafen (Rhein) Mitte;;;Yorckstr. 2;67061;Ludwigshafen;;Reisezentrum;08:00-19:00;;;08:00-19:00;;;08:00-19:00;;;08:00-19:00;;;08:00-19:00;;;08:00-17:30;;;09:00-14:30;;;49478048;8454723
503573;Reisezentrum Mainz Hbf;;;Bahnhofplatz 1;55116;Mainz;;Reisezentrum;06:00-21:15;;;06:00-21:15;;;06:00-21:15;;;06:00-21:15;;;06:00-21:15;;;07:00-19:00;;;08:00-20:00;;;50002020;8258911
504266;Reisezentrum Marburg (Lahn);;;Bahnhofsstr. 33;35037;Marburg;;Reisezentrum;07:00-12:30;13:30-19:00;;07:00-12:30;13:30-19:00;;07:00-12:30;13:30-19:00;;07:00-12:30;13:30-19:00;;07:00-12:30;13:30-19:00;;09:00-14:00;;;;;;50819283;8773984
504696;Reisezentrum Merzig (Saar);;;Bahnhofstraße 58;66663;Merzig(Saar);;Reisezentrum;06:00-10:30;11:30-16:00;;08:30-12:30;13:30-16:00;;09:30-12:30;13:30-19:00;;08:30-12:30;13:30-16:00;;08:30-12:30;13:30-16:00;;08:00-12:00;;;;;;49436670;6634875
647149;Reisezentrum Mettlach;Video-Reisezentrum;;Bahnhofstraße 20;66693;Mettlach;;Reisezentrum;07:30-17:30;;;07:30-17:30;;;07:30-17:30;;;07:30-17:30;;;07:30-17:30;;;07:30-12:30;;;;;;49494256;6597663
504621;Reisezentrum Montabaur;;;Staudter-Str. 11;56410;Montabaur;;Reisezentrum;06:00-17:30;;;07:30-12:30;13:30-17:30;;07:30-12:30;13:30-17:30;;07:30-12:30;13:30-17:30;;07:30-17:30;;;08:30-14:00;;;geschlossen;;;50449323;7830053
503714;Reisezentrum Neunkirchen (Saar) Hbf;;;Am Bahnhof;66538;Neunkirchen;;Reisezentrum;07:00-10:30;11:30-17:00;;08:00-13:30;14:30-18:00;;08:00-13:30;14:30-18:00;;10:00-13:30;14:30-20:00;;08:00-13:30;14:30-18:00;;08:00-13:30;14:30-17:30;;09:00-13:30;14:00-16:00;;49353300;7177370
504506;Reisezentrum Neustadt (Weinstr) Hbf;;;Bahnhofsplatz 6;67434;Neustadt(Weinstr);;Reisezentrum;07:00-19:00;;;07:00-19:00;;;07:00-19:00;;;07:00-19:00;;;07:00-19:00;;;07:00-16:30;;;09:30-15:00;;;49350221;8140172
504647;Reisezentrum Neuwied;;;Augustastraße 33;56564;Neuwied;;Reisezentrum;07:00-12:45;13:45-17:00;;06:00-15:00;15:45-20:00;;07:00-12:45;13:45-17:00;;06:00-15:00;15:45-19:30;;07:00-12:45;13:45-17:00;;09:30-15:00;;;09:30-15:00;;;50430507;7477380
504365;Reisezentrum Offenbach (Main) Marktplatz;;;Berliner Straße;63065;Offenbach ;S-Bahn Ostkopf, B-Ebene;Reisezentrum;07:00-19:00;;;07:00-19:00;;;07:00-19:00;;;07:00-19:00;;;07:00-19:00;;;09:00-14:00;;;;;;50105700;8764140
504183;Reisezentrum Remagen;;;Bahnhofstraße 3;53424;Remagen;;Reisezentrum;06:00-15:00;15:45-20:00;;07:00-12:45;13:45-17:00;;06:00-15:00;15:45-19:30;;07:00-12:45;13:45-17:00;;07:00-12:45;13:45-17:00;;09:30-15:00;;;09:30-15:00;;;50577662;7229709
503706;Reisezentrum Saarbrücken Hbf;;;Am Hauptbahnhof 4;66111;Saarbrücken;;Reisezentrum;06:00-21:15;;;06:00-21:15;;;06:00-21:15;;;06:00-21:15;;;06:00-21:15;;;07:00-19:00;;;07:00-19:00;;;49240427;6991306
647156;Reisezentrum Saarburg;Video-Reisezentrum;;Bahnhofstraße 9;54439;Saarburg;;Reisezentrum;07:30-17:30;;;07:30-17:30;;;07:30-17:30;;;07:30-17:30;;;07:30-17:30;;;07:30-12:30;;;;;;49606149;6557166
504688;Reisezentrum Saarlouis Hbf;;;Dr. Manfred Henrich-Platz 11;66740;Saarlouis;;Reisezentrum;07:30-13:00;14:00-17:00;;07:30-13:00;14:00-17:00;;07:30-13:00;14:00-17:00;;06:00-15:00;15:30-20:00;;07:30-13:00;14:00-17:00;;07:30-11:00;11:30-15:00;;09:30-15:00;;;49327119;6749631
647164;Reisezentrum Schweich;Video-Reisezentrum;;Bahnhofstraße 111;54338;Schweich;;Reisezentrum;07:30-17:30;;;07:30-17:30;;;07:30-17:30;;;07:30-17:30;;;07:30-17:30;;;07:30-12:30;;;;;;49827800;6743012
504480;Reisezentrum Speyer Hbf;;;Bahnhofstr. 43;67346;Speyer;;Reisezentrum;07:00-19:00;;;07:00-19:00;;;07:00-19:00;;;07:00-19:00;;;07:00-19:00;;;08:00-17:30;;;10:00-15:30;;;49323622;8428762
504704;Reisezentrum St Wendel;;;Mommstraße 2;66606;St Wendel;;Reisezentrum;07:00-10:30;11:30-17:00;;08:00-13:30;14:30-18:00;;08:00-13:30;14:30-18:00;;10:00-13:30;14:30-20:00;;08:00-13:30;14:30-18:00;;08:00-13:30;14:30-17:30;;09:00-13:30;14:00-16:00;;49466739;7165796
647131;Reisezentrum St. Ingbert;Video-Reisezentrum;;Neue Bahnhofstraße 4;66386;St. Ingbert;;Reisezentrum;07:30-17:30;;;07:30-17:30;;;07:30-17:30;;;07:30-17:30;;;07:30-17:30;;;07:30-12:30;;;;;;49274470;7110970
504530;Reisezentrum Treysa;;;Bahnhofstr. 1;34613;Schwalmstadt-Treysa;;Reisezentrum;06:30-11:45;12:30-16:20;;08:30-11:45;12:30-16:20;;08:30-11:45;12:30-16:20;;08:30-11:45;12:30-16:20;;08:30-11:45;12:30-16:20;;;;;;;;50911414;9188809
504670;Reisezentrum Trier Hbf;;;Bahnhofsplatz;54292;Trier;;Reisezentrum;06:00-20:00;;;07:00-19:00;;;07:00-19:00;;;07:00-20:00;;;07:00-20:00;;;08:00-16:00;;;10:00-18:00;;;49757639;6651945
504548;Reisezentrum Wabern (Bz Kassel);;;Bahnhofstraße 1;34590;Wabern;;Reisezentrum;08:20-11:20;12:20-16:50;;08:20-11:20;12:20-16:50;;08:20-11:20;12:20-16:50;;08:20-11:20;12:20-16:50;;08:20-11:20;12:20-16:50;;;;;;;;51103271;9357599
504522;Reisezentrum Wiesbaden Hbf;;;Bahnhofsplatz 1;65189;Wiesbaden;;Reisezentrum;06:30-19:00;;;06:30-19:00;;;06:30-19:00;;;06:30-19:00;;;06:30-19:00;;;08:00-16:00;;;09:30-15:00;;;50071543;8243917
504662;Reisezentrum Wittlich Hbf;;;Bahnhofstraße 8;54516;Wittlich;;Reisezentrum;06:00-14:00;15:00-19:00;;08:30-13:00;14:00-17:30;;08:30-13:00;14:00-17:30;;08:30-13:00;14:00-17:30;;08:30-13:00;14:00-17:30;;08:30-13:00;;;;;;49973461;6943780
504449;Reisezentrum Worms Hbf;;;Bahnhofstraße 7;67547;Worms;;Reisezentrum;06:00-20:00;;;06:00-20:00;;;07:00-20:00;;;07:00-20:00;;;07:00-20:00;;;08:00-15:30;;;09:30-15:00;;;49634397;8357091
503979;Reisezentrum Aachen Hbf;;;Bahnhofplatz 2a;52064;Aachen;;Reisezentrum;06:00-21:00;;;06:00-21:00;;;06:00-21:00;;;06:00-21:00;;;06:00-21:00;;;07:00-20:00;;;08:00-20:00;;;50768944;6090200
503862;Reisezentrum Bad Oeynhausen;;;Herforder Straße 80;32545;Bad Oeynhausen;;Reisezentrum;06:30-12:00;13:00-18:30;;06:30-12:00;13:00-18:30;;06:30-12:00;13:00-18:30;;06:30-12:00;13:00-18:30;;06:30-12:00;13:00-18:30;;;;;;;;52204647;8796628
503490;Reisezentrum Bielefeld Hbf;;;Am Bahnhof 1;33602;Bielefeld;;Reisezentrum;06:30 - 19:00;;;06:30 - 19:00;;;06:30 - 19:00;;;06:30 - 19:00;;;06:30 - 19:00;;;08:00-17:30;;;10:00-18:00;;;52029393;8533873
503508;Reisezentrum Bochum Hbf;;;Kurt-Schumacher-Platz 13-15;44787;Bochum;;Reisezentrum;07:00-19:30;;;07:00-19:30;;;07:00-19:30;;;07:00-19:30;;;07:00-19:30;;;08:30-18:00;;;09:30-18:30;;;51479568;7222931
503581;Reisezentrum Bonn Hbf;;;Am Hauptbahnhof 1;53111;Bonn;;Reisezentrum;06:00-21:00;;;06:00-21:00;;;06:00-21:00;;;06:00-21:00;;;06:00-21:00;;;07:00-20:00;;;08:00-20:00;;;50732430;7097118
503607;Reisezentrum Bonn-Bad Godesberg;;;Moltkestr. 43;53173;Bonn;;Reisezentrum;06:00-17:00;;;08:00-18:00;;;08:00-18:00;;;10:00-20:00;;;08:00-18:00;;;09:00-12:00;12:45-15:45;;10:00-13:00;13:30-16:30;;50683366;7159422
503599;Reisezentrum Bonn-Beuel;;;Beueler Bahnhofsplatz 2;53225;Bonn;;Reisezentrum;08:00-12:15;13:00-17:00;;09:00-12:15;13:00-17:00;;09:00-12:15;13:00-17:00;;09:00-12:15;13:00-17:00;;09:00-12:15;13:00-17:00;;;;;;;;50739648;7126522
504159;Reisezentrum Brühl;;;Max-Ernst-Allee 2;50321;Brühl;;Reisezentrum;07:00-12:15;13:00-16:30;;09:00-12:15;13:00-16:30;;09:00-12:15;13:00-16:30;;09:00-12:15;13:00-18:00;;09:00-12:15;13:00-16:30;;;;;;;;50828400;6913110
503847;Reisezentrum Bünde (Westf);;;Bahnhofstr. 82;32257;Bünde (Westf.);;Reisezentrum;06:30-12:00;13:00-18:30;;06:30-12:00;13:00-18:30;;06:30-12:00;13:00-18:30;;06:30-12:00;13:00-18:30;;06:30-12:00;13:00-18:30;;;;;;;;52201321;8573434
503813;Reisezentrum Coesfeld (Westf);;;Bahnhofstr. 1;48653;Coesfeld;;Reisezentrum;06:45-19:30;;;06:45-19:30;;;08:15-12:00;13:00-18:15;;08:15-12:00;13:00-18:15;;06:45-18:15;;;08:15-13:15;;;;;;51938458;7165607
503854;Reisezentrum Detmold;;;Bahnhofstraße 8;32756;Detmold;;Reisezentrum;06:30-12:00;13:00-18:30;;06:30-12:00;13:00-18:30;;06:30-12:00;13:00-18:30;;06:30-12:00;13:00-18:30;;06:30-12:00;13:00-18:30;;;;;;;;51939951;8873809
504191;Reisezentrum Dortmund Hbf;;;Königswall 15;44137;Dortmund;;Reisezentrum;07:00-20:30;;;07:00-20:30;;;07:00-20:30;;;07:00-20:30;;;07:00-20:30;;;08:00-19:30;;;08:00-19:30;;;51517668;7459331
504217;Reisezentrum Duisburg Hbf;;;Portsmouthplatz 1;47051;Duisburg;;Reisezentrum;07:00-20:00;;;07:00-20:00;;;07:00-20:00;;;07:00-20:00;;;07:00-20:00;;;08:00-17:00;;;10:00-19:00;;;51430142;6773444
505404;Reisezentrum Dülmen;;;Bahnhofstr. 50;48249;Dülmen;;Reisezentrum;07:00-12:30;13:30-19:00;;07:00-12:30;13:30-19:00;;07:00-12:30;13:30-19:00;;07:00-12:30;13:30-19:00;;07:00-12:30;13:30-19:00;;08:00-11:30;12:00-14:00;;;;;51827963;7293373
504142;Reisezentrum Düren;;;Hauptbahnhof 1;52351;Düren;;Reisezentrum;07:00-18:00;;;07:00-18:00;;;07:00-18:00;;;07:00-18:00;;;07:00-18:00;;;08:00-12:00;12:30-14:30;;;;;50808568;6480880
503912;Reisezentrum Düsseldorf Flughafen;;;Flughafenstr. 120;40474;Düsseldorf;;Reisezentrum;07:00-21:00;;;07:00-21:00;;;07:00-21:00;;;07:00-21:00;;;07:00-21:00;;;07:30-20:00;;;10:00-14:30;15:00-18:30;;51275639;6766477
503904;Reisezentrum Düsseldorf Hbf;;;Konrad-Adenauer-Platz 14;40210;Düsseldorf;;Reisezentrum;06:00-22:00;;;06:00-22:00;;;06:00-22:00;;;06:00-22:00;;;06:00-22:00;;;07:00-22:00;;;07:00-22:00;;;51220688;6792033
503953;Reisezentrum Erkelenz;;;Anton-Raky-Allee 1;41812;Erkelenz;;Reisezentrum;07:00-12:15;13:00-16:30;;09:00-12:15;13:00-16:30;;09:00-12:15;13:00-16:30;;09:00-12:15;13:00-18:00;;09:00-12:15;13:00-16:30;;;;;;;;51077157;6321439
503540;Reisezentrum Essen Hbf;;;Freiheit 3;45127;Essen;;Reisezentrum;06:30-20:00;;;06:30-20:00;;;06:30-20:00;;;06:30-20:00;;;06:30-20:00;;;07:30-19:00;;;09:00-19:00;;;51451935;7014516
504118;Reisezentrum Euskirchen;;;Oststraße 2a;53879;Euskirchen;;Reisezentrum;06:00-17:30;;;09:00-17:30;;;09:00-17:30;;;09:00-20:00;;;09:00-17:30;;;08:00-16:30;;;09:00-12:30;13:00-16:30;;50658475;6793283
503961;Reisezentrum Geilenkirchen;;;Bahnhofstr. 27;52511;Geilenkirchen;;Reisezentrum;07:00-12:15;13:00-16:30;;09:00-12:15;13:00-16:30;;09:00-12:15;13:00-16:30;;09:00-12:15;13:00-18:00;;09:00-12:15;13:00-16:30;;;;;;;;50961145;6124310
504035;Reisezentrum Gelsenkirchen Hbf;;;Bahnhofsvorplatz 10;45879;Gelsenkirchen;;Reisezentrum;08:30-18:30;;;08:30-18:30;;;08:30-18:30;;;08:30-18:30;;;08:30-18:30;;;09:00-16:00;;;10:00-15:00;;;51506013;7102582
503870;Reisezentrum Gütersloh Hbf;;;Willy-Brandt-Platz 2;33330;Gütersloh;;Reisezentrum;06:30-12:00;13:00-18:30;;06:30-12:00;13:00-18:30;;06:30-12:00;13:00-18:30;;06:30-12:00;13:00-18:30;;06:30-12:00;13:00-18:30;;;;;;;;51908030;8384364
503797;Reisezentrum Hagen Hbf;;;Berliner Platz 1;58089;Hagen;;Reisezentrum;08:00-18:45;;;08:00-18:45;;;08:00-18:45;;;08:00-18:45;;;08:00-18:45;;;08:00-17:00;;;10:00-16:00;;;51362403;7462359
503821;Reisezentrum Haltern am See;;;Roost-Warendin-Platz 1;45721;Haltern am See;;Reisezentrum;08:30-12:00;13:00-16:30;;08:30-12:00;13:00-16:30;;08:30-12:00;13:00-16:30;;08:30-12:00;13:00-16:30;;08:30-12:00;13:00-16:30;;;;;;;;51738000;7184420
504084;Reisezentrum Hamm (Westf);;;Willi-Brandt-Platz 1b;59065;Hamm (Westf.);;Reisezentrum;06:30-19:30;;;06:30-19:30;;;06:30-19:30;;;06:30-19:30;;;06:30-19:30;;;09:30-17:00;;;10:30-18:00;;;51678733;7809127
503888;Reisezentrum Herford;;;Bahnhofplatz 3;32052;Herford;;Reisezentrum;06:30-12:00;13:00-18:30;;06:30-12:00;13:00-18:30;;06:30-12:00;13:00-18:30;;06:30-12:00;13:00-18:30;;06:30-12:00;13:00-18:30;;;;;;;;52118962;8664774
503524;Reisezentrum Herne;;;Bahnhofsplatz 1;44629;Herne;;Reisezentrum;09:00-12:00;13:00-16:30;;09:00-12:00;13:00-16:30;;09:00-12:00;13:00-16:30;;09:00-12:00;13:00-16:30;;09:00-12:00;13:00-16:30;;09:30-13:00;;;;;;51544821;7216962
504134;Reisezentrum Horrem;;;Bahnhofsstr. 9;50169;Horrem;;Reisezentrum;07:00-12:15;13:00-16:30;;09:00-12:15;13:00-16:30;;09:00-12:15;13:00-16:30;;09:00-12:15;13:00-18:00;;09:00-12:15;13:00-16:30;;;;;;;;50915441;6712586
503698;Reisezentrum Köln Hbf;;;Trankgasse 11;50667;Köln;;Reisezentrum;06:00-22:00;;;06:00-22:00;;;06:00-22:00;;;06:00-22:00;;;06:00-22:00;;;07:00-21:00;;;07:00-21:00;;;50942694;6957836
505412;Reisezentrum Köln/Bonn Flughafen;;;Terminal 2;51147;Köln;;Reisezentrum;09:00-12:30;13:00-18:00;;09:00-12:30;13:00-18:00;;09:00-12:30;13:00-18:00;;09:00-12:30;13:00-18:00;;09:00-12:30;13:00-18:00;;09:00-13:00;13:30-16:00;;12:00-15:30;16:00-20:00;;50879340;7118170
503482;Reisezentrum Köln-Messe/Deutz;;;Ottoplatz 7;50679;Köln;;Reisezentrum;06:00-19:00;;;07:00-19:00;;;07:00-19:00;;;07:00-19:00;;;07:00-20:00;;;08:00-17:00;;;10:00-18:00;;;50940269;6975170
505388;Reisezentrum Köln-Mülheim;;;Montanusstraße;51065;Köln;;Reisezentrum;07:30-12:00;12:45-16:30;;08:30-12:00;12:45-16:30;;08:30-12:00;12:45-16:30;;08:30-12:00;12:45-16:30;;08:30-12:00;12:45-16:30;;;;;;;;50958670;7013354
504209;Reisezentrum Krefeld Hbf;;;Am Hauptbahnhof 1;47798;Krefeld;;Reisezentrum;09:00-18:00;;;09:00-18:00;;;09:00-18:00;;;09:00-18:00;;;09:00-18:00;;;09:00-14:30;;;;;;51326428;6569083
504126;Reisezentrum Leverkusen Mitte;;;Heinrich-v.-Stephan-Str. 1;51373;Leverkusen;;Reisezentrum;07:00-11:30;12:15-16:00;;08:00-12:15;13:00-16:00;;08:00-12:15;13:00-16:00;;08:00-12:15;13:00-16:00;;08:00-12:15;13:00-16:00;;;;;;;;51031429;6990982
504068;Reisezentrum Lippstadt;;;Rixbeckerstr. 2;59555;Lippstadt;;Reisezentrum;06:30-12:00;13:00-18:30;;06:30-12:00;13:00-18:30;;06:30-12:00;13:00-18:30;;06:30-12:00;13:00-18:30;;06:30-12:00;13:00-18:30;;;;;;;;51671254;8348992
503896;Reisezentrum Minden (Westf);;;Bundesbahnhof 12;32423;Minden (Westf.);;Reisezentrum;06:30-18:30;;;06:30-18:30;;;06:30-18:30;;;06:30-18:30;;;06:30-18:30;;;;;;;;;52290017;8934064
503946;Reisezentrum Mönchengladbach Hbf;;;Europaplatz 1;41061;Mönchengladbach;;Reisezentrum;07:30-18:30;;;07:30-18:30;;;07:30-18:30;;;07:30-18:30;;;07:30-18:30;;;09:00-16:00;;;;;;51197549;6445220
504043;Reisezentrum Mülheim (Ruhr) Hbf;;;Dieter aus dem Siepen Pl. 3;45468;Mülheim;;Reisezentrum;08:30-18:00;;;08:30-18:00;;;08:30-18:00;;;08:30-18:00;;;08:30-18:00;;;08:30-14:00;;;;;;51431233;6885853
503839;Reisezentrum Münster (Westf) Hbf;;;Berliner Platz 25;48143;Münster;;Reisezentrum;06:30-19:00;;;06:30-19:00;;;06:30-19:00;;;06:30-19:00;;;06:30-19:00;;;08:00-17:30;;;10:00-18:00;;;51956550;7635110
503730;Reisezentrum Neheim-Hüsten;;;Bahnhofstr. 36;59759;Arnsberg  ;;Reisezentrum;06:30-12:00;13:00-18:30;;06:30-12:00;13:00-18:30;;06:30-12:00;13:00-18:30;;06:30-12:00;13:00-18:30;;06:30-12:00;13:00-18:30;;;;;;;;51432489;7988082
503920;Reisezentrum Neuss Hbf;;;Furtherstr. 1;41460;Neuss;;Reisezentrum;08:30-12:00;13:00-18:00;;08:30-12:00;13:00-18:00;;08:30-12:00;13:00-18:00;;08:30-12:00;13:00-18:00;;08:30-12:00;13:00-18:00;;08:30-14:00;;;;;;51204100;6684120
504027;Reisezentrum Oberhausen Hbf;;;Willy Brandt Platz 1;46045;Oberhausen;;Reisezentrum;07:30-18:30;;;07:30-18:30;;;07:30-18:30;;;07:30-18:30;;;07:30-18:30;;;08:30-16:00;;;09:00-14:30;;;51473815;6853852
504076;Reisezentrum Paderborn Hbf;;;Bahnhofstr. 29;33102;Paderborn;;Reisezentrum;07:00-19:00;;;07:00-19:00;;;07:00-19:00;;;07:00-19:00;;;07:00-19:00;;;08:00-17:00;;;10:00-16:00;;;51713530;8740472
503532;Reisezentrum Recklinghausen Hbf;;;Große Perdekampstr. 2;45657;Recklinghausen;;Reisezentrum;06:30-18:00;;;08:00-18:00;;;08:00-18:00;;;08:00-18:00;;;08:00-18:00;;;08:30-15:00;;;10:00-14:00;;;51615656;7202463
503805;Reisezentrum Rheine;;;Am Hauptbahnhof 2;48431;Rheine;;Reisezentrum;06:30-12:00;13:00-18:30;;06:30-12:00;13:00-18:30;;06:30-12:00;13:00-18:30;;06:30-12:00;13:00-18:30;;06:30-12:00;13:00-18:30;;;;;;;;52276597;7435445
503763;Reisezentrum Schwerte (Ruhr);;;Bahnhofstr. 35;58239;Schwerte;;Reisezentrum;06:30-12:00;13:00-18:30;;06:30-12:00;13:00-18:30;;06:30-12:00;13:00-18:30;;06:30-12:00;13:00-18:30;;06:30-12:00;13:00-18:30;;;;;;;;51442147;7559382
504167;Reisezentrum Siegburg;;;Europaplatz 3;53721;Siegburg;;Reisezentrum;07:00-19:00;;;07:00-19:00;;;07:00-19:00;;;07:00-19:00;;;07:00-19:00;;;08:30-17:45;;;09:30-18:00;;;50793826;7204350
504225;Reisezentrum Siegen;;;Am Bahnhof 18;57072;Siegen;;Reisezentrum;06:30-19:30;;;06:30-19:30;;;06:30-19:30;;;06:30-19:30;;;06:30-19:30;;;09:30-17:00;;;10:30-18:00;;;50875106;8015887
504050;Reisezentrum Soest;;;Bahnhofstr. 2;59494;Soest;;Reisezentrum;06:30-12:00;13:00-18:30;;06:30-12:00;13:00-18:30;;06:30-12:00;13:00-18:30;;06:30-12:00;13:00-18:30;;06:30-12:00;13:00-18:30;;;;;;;;51577838;8105276
504100;Reisezentrum Troisdorf;;;Poststraße 64;53840;Troisdorf;;Reisezentrum;08:00-17:00;;;08:00-17:00;;;08:00-17:00;;;08:00-17:00;;;08:00-17:00;;;;;;;;;50814181;7151005
503771;Reisezentrum Unna;;;Bahnhofstr. 76;59423;Unna;;Reisezentrum;06:30-12:00;13:00-18:30;;06:30-12:00;13:00-18:30;;06:30-12:00;13:00-18:30;;06:30-12:00;13:00-18:30;;06:30-12:00;13:00-18:30;;;;;;;;51538627;7692860
503516;Reisezentrum Wanne-Eickel Hbf;;;Heinz-Rühmann-Platz 1;44649;Herne;;Reisezentrum;09:00-16:00;;;09:00-16:00;;;09:00-16:00;;;09:00-16:00;;;09:00-16:00;;;;;;;;;51532110;7165031
504001;Reisezentrum Wesel;;;Franz-Etzel-Platz 17;46483;Wesel;;Reisezentrum;07:30-17:30;;;08:30-17:30;;;08:30-17:30;;;08:30-17:30;;;08:30-17:30;;;09:00-13:30;;;;;;51655712;6626020
504241;Reisezentrum Wuppertal Hbf;;;Döppersberg 37;42103;Wuppertal;;Reisezentrum;07:00-19:00;;;07:00-19:00;;;07:00-19:00;;;07:00-19:00;;;07:00-19:00;;;08:00-17:30;;;10:15-15:45;;;51255323;7149921
